symbol	file	line	text
active_display_backend	working/b4a/ps2vnc_calibration_tail.inc	889	if (active_display_backend != PS2VNC_BACKEND_HIRES)
active_display_backend	working/b4a/ps2vnc_calibration_tail.inc	974	if (active_display_backend != PS2VNC_BACKEND_STANDARD ||
active_display_backend	working/b4a/ps2vnc_calibration_tail.inc	1034	if (active_display_backend != PS2VNC_BACKEND_HIRES &&
active_display_backend	working/b4a/ps2vnc_calibration_tail.inc	1035	active_display_backend != PS2VNC_BACKEND_STANDARD)
active_display_backend	working/b4a/ps2vnc_calibration_tail.inc	1071	if (active_display_backend == PS2VNC_BACKEND_HIRES) {
active_display_backend	working/b4a/ps2vnc_calibration_tail.inc	1257	active_display_backend = backend;
active_display_backend	working/b4a/ps2vnc_calibration_tail.inc	1320	if (active_display_backend == PS2VNC_BACKEND_HIRES) {
active_display_backend	working/b4a/ps2vnc_calibration_tail.inc	1326	if (active_display_backend == PS2VNC_BACKEND_STANDARD) {
active_display_backend	working/b4a/ps2vnc_calibration_tail.inc	1346	if (active_display_backend == PS2VNC_BACKEND_HIRES) {
active_display_backend	working/b4a/ps2vnc_calibration_tail.inc	1351	if (active_display_backend == PS2VNC_BACKEND_STANDARD) {
active_display_backend	working/b4a/ps2vnc_calibration_tail.inc	1373	if (active_display_backend == PS2VNC_BACKEND_HIRES) {
active_display_backend	working/b4a/ps2vnc_calibration_tail.inc	1378	if (active_display_backend == PS2VNC_BACKEND_STANDARD) {
active_display_backend	working/b4a/ps2vnc_calibration_tail.inc	1397	if (active_display_backend == PS2VNC_BACKEND_HIRES) {
active_display_backend	working/b4a/ps2vnc_calibration_tail.inc	1402	if (active_display_backend == PS2VNC_BACKEND_STANDARD) {
active_display_backend	working/b4a/ps2vnc_calibration_tail.inc	1413	active_display_backend = PS2VNC_BACKEND_NONE;
active_display_backend	working/b4a/ps2vnc_calibration_tail.inc	1417	if (active_display_backend == PS2VNC_BACKEND_HIRES) {
active_display_backend	working/b4a/ps2vnc_calibration_tail.inc	1419	active_display_backend = PS2VNC_BACKEND_NONE;
active_display_backend	working/b4a/ps2vnc_calibration_tail.inc	1423	if (active_display_backend == PS2VNC_BACKEND_STANDARD) {
active_display_backend	working/b4a/ps2vnc_calibration_tail.inc	1425	active_display_backend = PS2VNC_BACKEND_NONE;
active_display_backend	working/b4a/ps2vnc_calibration_tail.inc	1546	if (active_display_backend == PS2VNC_BACKEND_HIRES)
active_display_backend	working/b4a/ps2vnc_calibration_tail.inc	1550	if (active_display_backend == PS2VNC_BACKEND_STANDARD)
active_display_backend	working/b4a/ps2vnc_calibration_tail.inc	1578	if (active_display_backend == PS2VNC_BACKEND_HIRES)
active_display_backend	working/b4a/ps2vnc_calibration_tail.inc	1581	if (active_display_backend != PS2VNC_BACKEND_STANDARD)
active_display_backend	working/b4a/ps2vnc_display_core.inc	519	active_display_backend != previous_backend ||
active_display_backend	working/b4a/ps2vnc_framebuffer_core.inc	1107	return active_display_backend == PS2VNC_BACKEND_HIRES &&
active_display_backend	working/b4a/ps2vnc_framebuffer_core.inc	1137	if (active_display_backend == PS2VNC_BACKEND_HIRES &&
active_display_backend	working/b4a/ps2vnc_framebuffer_tail.inc	685	if (active_display_backend == PS2VNC_BACKEND_HIRES)
active_display_backend	working/b4a/ps2vnc_framebuffer_tail.inc	691	if (active_display_backend == PS2VNC_BACKEND_STANDARD)
active_display_backend	working/b4a/ps2vnc_framebuffer_tail.inc	1041	if (active_display_backend == PS2VNC_BACKEND_HIRES)
active_display_backend	working/b4a/ps2vnc_framebuffer_tail.inc	1045	if (active_display_backend == PS2VNC_BACKEND_STANDARD)
active_display_backend	working/b4a/ps2vnc_management_core.inc	501	* Do not alter active_display_backend here: the candidate GS object
active_display_backend	working/b4a/ps2vnc_management_tail.inc	68	active_display_backend == PS2VNC_BACKEND_NONE)
active_display_backend	working/b4a/ps2vnc_management_tail.inc	72	profile->backend = active_display_backend;
active_display_backend	working/b4a/ps2vnc_runtime_core.inc	32	ps2vnc_backend_t active_display_backend = PS2VNC_BACKEND_NONE;
active_display_backend	working/b4a/ps2vnc_runtime_core.inc	202	if (active_display_backend == PS2VNC_BACKEND_HIRES) {
active_display_backend	working/b4a/ps2vnc_runtime_core.inc	205	} else if (active_display_backend == PS2VNC_BACKEND_STANDARD) {
active_display_backend	working/b4a/ps2vnc_runtime_core.inc	223	if (active_display_backend == PS2VNC_BACKEND_STANDARD)
active_display_backend	working/b4a/ps2vnc_runtime_core.inc	225	else if (active_display_backend == PS2VNC_BACKEND_HIRES)
active_display_backend	working/b4a/ps2vnc_runtime_core.inc	240	if (active_display_backend == PS2VNC_BACKEND_STANDARD)
active_display_backend	working/b4a/ps2vnc_runtime_core.inc	242	else if (active_display_backend == PS2VNC_BACKEND_HIRES)
active_display_backend	working/b4a/ps2vnc_runtime_tail.inc	210	display_confirm_previous_backend = active_display_backend;
active_display_backend	working/b4a/ps2vnc_services_imports.h	6	extern ps2vnc_backend_t active_display_backend;
active_video_mode	working/b4a/ps2vnc_calibration_core.inc	451	target->mode != active_video_mode) {
active_video_mode	working/b4a/ps2vnc_calibration_core.inc	839	if (active_video_mode == NULL ||
active_video_mode	working/b4a/ps2vnc_calibration_core.inc	840	active_video_mode->name == NULL)
active_video_mode	working/b4a/ps2vnc_calibration_core.inc	851	active_video_mode->name,
active_video_mode	working/b4a/ps2vnc_calibration_core.inc	1026	* rectangle for its own video mode without changing active_video_mode or
active_video_mode	working/b4a/ps2vnc_calibration_core.inc	1160	* before active_video_mode is changed.
active_video_mode	working/b4a/ps2vnc_calibration_core.inc	1241	* screen_fit_apply_preset() validates against active_video_mode,
active_video_mode	working/b4a/ps2vnc_calibration_core.inc	1245	active_video_mode = target->mode;
active_video_mode	working/b4a/ps2vnc_calibration_core.inc	1259	active_video_mode = target->mode;
active_video_mode	working/b4a/ps2vnc_calibration_core.inc	1359	active_video_mode = startup_mode;
active_video_mode	working/b4a/ps2vnc_calibration_core.inc	1363	active_video_mode->name
active_video_mode	working/b4a/ps2vnc_calibration_core.inc	1371	active_video_mode->name
active_video_mode	working/b4a/ps2vnc_calibration_core.inc	1378	active_video_mode->name
active_video_mode	working/b4a/ps2vnc_calibration_core.inc	1386	active_video_mode,
active_video_mode	working/b4a/ps2vnc_calibration_core.inc	1447	active_video_mode,
active_video_mode	working/b4a/ps2vnc_calibration_core.inc	1454	active_video_mode,
active_video_mode	working/b4a/ps2vnc_calibration_tail.inc	975	active_video_mode == NULL ||
active_video_mode	working/b4a/ps2vnc_calibration_tail.inc	986	if (desktop_width != active_video_mode->standard_logical_width ||
active_video_mode	working/b4a/ps2vnc_calibration_tail.inc	987	desktop_height != active_video_mode->standard_logical_height ||
active_video_mode	working/b4a/ps2vnc_calibration_tail.inc	1140	* on active_video_mode.
active_video_mode	working/b4a/ps2vnc_calibration_tail.inc	1152	gsGlobal->Mode = active_video_mode->gs_mode;
active_video_mode	working/b4a/ps2vnc_calibration_tail.inc	1153	gsGlobal->Interlace = active_video_mode->interlace;
active_video_mode	working/b4a/ps2vnc_calibration_tail.inc	1154	gsGlobal->Field = active_video_mode->field;
active_video_mode	working/b4a/ps2vnc_calibration_tail.inc	1156	gsGlobal->Height = active_video_mode->hires_height;
active_video_mode	working/b4a/ps2vnc_calibration_tail.inc	1168	active_video_mode->hires_passes
active_video_mode	working/b4a/ps2vnc_calibration_tail.inc	1187	if (active_video_mode == NULL ||
active_video_mode	working/b4a/ps2vnc_calibration_tail.inc	1189	active_video_mode,
active_video_mode	working/b4a/ps2vnc_calibration_tail.inc	1191	active_video_mode->standard_fb_width == 0 ||
active_video_mode	working/b4a/ps2vnc_calibration_tail.inc	1192	active_video_mode->standard_fb_height == 0)
active_video_mode	working/b4a/ps2vnc_calibration_tail.inc	1201	gsGlobal->Mode = active_video_mode->gs_mode;
active_video_mode	working/b4a/ps2vnc_calibration_tail.inc	1202	gsGlobal->Interlace = active_video_mode->interlace;
active_video_mode	working/b4a/ps2vnc_calibration_tail.inc	1203	gsGlobal->Field = active_video_mode->field;
active_video_mode	working/b4a/ps2vnc_calibration_tail.inc	1210	gsGlobal->Width = active_video_mode->standard_fb_width;
active_video_mode	working/b4a/ps2vnc_calibration_tail.inc	1211	gsGlobal->Height = active_video_mode->standard_fb_height;
active_video_mode	working/b4a/ps2vnc_calibration_tail.inc	1228	active_video_mode->standard_offset_x,
active_video_mode	working/b4a/ps2vnc_calibration_tail.inc	1229	active_video_mode->standard_offset_y);
active_video_mode	working/b4a/ps2vnc_calibration_tail.inc	1248	ps2vnc_video_mode_default_backend(active_video_mode);
active_video_mode	working/b4a/ps2vnc_display_core.inc	53	active_video_mode = mode;
active_video_mode	working/b4a/ps2vnc_display_core.inc	518	if (active_video_mode != previous_mode ||
active_video_mode	working/b4a/ps2vnc_display_core.inc	566	(mode != NULL) ? mode : active_video_mode;
active_video_mode	working/b4a/ps2vnc_display_core.inc	822	(active_video_mode != NULL &&
active_video_mode	working/b4a/ps2vnc_display_core.inc	823	active_video_mode->name != NULL)
active_video_mode	working/b4a/ps2vnc_display_core.inc	824	? active_video_mode->name
active_video_mode	working/b4a/ps2vnc_display_core.inc	1036	active_video_mode;
active_video_mode	working/b4a/ps2vnc_display_core.inc	1043	if (target == active_video_mode) {
active_video_mode	working/b4a/ps2vnc_display_core.inc	1200	active_video_mode);
active_video_mode	working/b4a/ps2vnc_display_core.inc	1218	active_video_mode ?
active_video_mode	working/b4a/ps2vnc_display_core.inc	1219	"active_video_mode->name : ""?"");"
active_video_mode	working/b4a/ps2vnc_display_core.inc	1229	: active_video_mode);
active_video_mode	working/b4a/ps2vnc_display_tail.inc	322	active_video_mode) {
active_video_mode	working/b4a/ps2vnc_display_tail.inc	383	target_mode != active_video_mode) {
active_video_mode	working/b4a/ps2vnc_display_tail.inc	386	display_menu_selection_for_mode(active_video_mode);
active_video_mode	working/b4a/ps2vnc_display_tail.inc	411	display_menu_selection_for_mode(active_video_mode);
active_video_mode	working/b4a/ps2vnc_display_tail.inc	456	active_video_mode->name);
active_video_mode	working/b4a/ps2vnc_display_tail.inc	543	if (target_mode == active_video_mode) {
active_video_mode	working/b4a/ps2vnc_display_tail.inc	567	: active_video_mode);
active_video_mode	working/b4a/ps2vnc_display_tail.inc	573	: active_video_mode);
active_video_mode	working/b4a/ps2vnc_display_tail.inc	635	active_video_mode);
active_video_mode	working/b4a/ps2vnc_display_tail.inc	676	active_video_mode);
active_video_mode	working/b4a/ps2vnc_display_tail.inc	692	active_video_mode,
active_video_mode	working/b4a/ps2vnc_display_tail.inc	869	active_video_mode->name,
active_video_mode	working/b4a/ps2vnc_framebuffer_core.inc	1058	return active_video_mode->interlace == GS_INTERLACED &&
active_video_mode	working/b4a/ps2vnc_framebuffer_core.inc	1059	active_video_mode->field == GS_FRAME;
active_video_mode	working/b4a/ps2vnc_management_core.inc	451	active_video_mode;
active_video_mode	working/b4a/ps2vnc_management_core.inc	505	active_video_mode = handshake_mode;
active_video_mode	working/b4a/ps2vnc_management_core.inc	513	active_video_mode = saved_active_mode;
active_video_mode	working/b4a/ps2vnc_management_core.inc	556	active_video_mode = saved_active_mode;
active_video_mode	working/b4a/ps2vnc_management_core.inc	735	active_video_mode,
active_video_mode	working/b4a/ps2vnc_management_tail.inc	67	active_video_mode == NULL ||
active_video_mode	working/b4a/ps2vnc_management_tail.inc	71	profile->mode = active_video_mode;
active_video_mode	working/b4a/ps2vnc_management_tail.inc	1359	mode == active_video_mode)
active_video_mode	working/b4a/ps2vnc_runtime_core.inc	31	const ps2vnc_video_mode_t *active_video_mode = &video_mode_1080i;
active_video_mode	working/b4a/ps2vnc_runtime_core.inc	53	if (active_video_mode == NULL)
active_video_mode	working/b4a/ps2vnc_runtime_core.inc	56	width = active_video_mode->hires_width;
active_video_mode	working/b4a/ps2vnc_runtime_core.inc	76	if (active_video_mode == NULL ||
active_video_mode	working/b4a/ps2vnc_runtime_core.inc	77	active_video_mode->hires_height == 0) {
active_video_mode	working/b4a/ps2vnc_runtime_core.inc	83	(u64)active_video_mode->hires_height;
active_video_mode	working/b4a/ps2vnc_runtime_core.inc	85	if (active_video_mode->interlace == GS_INTERLACED &&
active_video_mode	working/b4a/ps2vnc_runtime_core.inc	86	active_video_mode->field == GS_FRAME) {
active_video_mode	working/b4a/ps2vnc_runtime_core.inc	99	if (active_video_mode == NULL ||
active_video_mode	working/b4a/ps2vnc_runtime_core.inc	100	active_video_mode->raster_width == 0) {
active_video_mode	working/b4a/ps2vnc_runtime_core.inc	113	active_video_mode->raster_width;
active_video_mode	working/b4a/ps2vnc_runtime_core.inc	121	if (active_video_mode == NULL ||
active_video_mode	working/b4a/ps2vnc_runtime_core.inc	122	active_video_mode->raster_height == 0) {
active_video_mode	working/b4a/ps2vnc_runtime_core.inc	135	(u64)active_video_mode->raster_height;
active_video_mode	working/b4a/ps2vnc_runtime_core.inc	163	if (active_video_mode == NULL)
active_video_mode	working/b4a/ps2vnc_runtime_core.inc	167	return active_video_mode->hires_height;
active_video_mode	working/b4a/ps2vnc_runtime_core.inc	169	return active_video_mode->raster_height;
active_video_mode	working/b4a/ps2vnc_runtime_core.inc	181	#define OUTPUT_WIDTH   (active_video_mode->raster_width)
active_video_mode	working/b4a/ps2vnc_runtime_core.inc	182	#define OUTPUT_HEIGHT  (active_video_mode->raster_height)
active_video_mode	working/b4a/ps2vnc_runtime_core.inc	199	if (active_video_mode == NULL || width == NULL || height == NULL)
active_video_mode	working/b4a/ps2vnc_runtime_core.inc	206	*width = active_video_mode->standard_logical_width;
active_video_mode	working/b4a/ps2vnc_runtime_core.inc	207	*height = active_video_mode->standard_logical_height;
active_video_mode	working/b4a/ps2vnc_runtime_core.inc	224	draw_width = active_video_mode->standard_fb_width;
active_video_mode	working/b4a/ps2vnc_runtime_core.inc	241	draw_height = active_video_mode->standard_fb_height;
active_video_mode	working/b4a/ps2vnc_runtime_core.inc	243	draw_height = active_video_mode->hires_height;
active_video_mode	working/b4a/ps2vnc_runtime_core_to_tail.h	19	#define OUTPUT_HEIGHT  (active_video_mode->raster_height)
active_video_mode	working/b4a/ps2vnc_runtime_core_to_tail.h	21	#define OUTPUT_WIDTH   (active_video_mode->raster_width)
active_video_mode	working/b4a/ps2vnc_runtime_to_ui_display.h	122	#define OUTPUT_HEIGHT  (active_video_mode->raster_height)
active_video_mode	working/b4a/ps2vnc_runtime_to_ui_display.h	124	#define OUTPUT_WIDTH   (active_video_mode->raster_width)
active_video_mode	working/b4a/ps2vnc_services_compat.h	158	#define OUTPUT_WIDTH   (active_video_mode->raster_width)
active_video_mode	working/b4a/ps2vnc_services_compat.h	159	#define OUTPUT_HEIGHT  (active_video_mode->raster_height)
active_video_mode	working/b4a/ps2vnc_services_imports.h	7	extern const ps2vnc_video_mode_t *active_video_mode;
active_video_mode	working/b4a/ps2vnc_ui_core.inc	22	"active_video_mode ? active_video_mode->name : ""?"");"
active_video_mode	working/b4a/ps2vnc_ui_core.inc	173	if (mode == active_video_mode)
active_video_mode	working/b4a/ps2vnc_ui_core.inc	293	display_menu_selection_for_mode(active_video_mode);
active_video_mode	working/b4a/ps2vnc_ui_core.inc	296	display_menu_tab_for_mode(active_video_mode);
active_video_mode	working/b4a/ps2vnc_ui_core.inc	602	if (mode == active_video_mode) {
active_video_mode	working/b4a/ps2vnc_ui_core.inc	622	if (mode == active_video_mode &&
active_video_mode	working/b4a/ps2vnc_ui_core.inc	632	} else if (mode == active_video_mode) {
active_video_mode	working/b4a/ps2vnc_ui_core.inc	757	selected_mode == active_video_mode) {
active_video_mode	working/b4a/ps2vnc_ui_tail.inc	876	selected_mode != active_video_mode &&
active_video_mode	working/b4a/ps2vnc_ui_tail.inc	939	active_video_mode) {
cached_desktop_height	working/b4a/ps2vnc_framebuffer_tail.inc	120	static unsigned int cached_desktop_height;
cached_desktop_height	working/b4a/ps2vnc_framebuffer_tail.inc	202	cached_desktop_height != desktop_height ||
cached_desktop_height	working/b4a/ps2vnc_framebuffer_tail.inc	307	cached_desktop_height = desktop_height;
cached_desktop_width	working/b4a/ps2vnc_framebuffer_tail.inc	119	static unsigned int cached_desktop_width;
cached_desktop_width	working/b4a/ps2vnc_framebuffer_tail.inc	201	cached_desktop_width != desktop_width ||
cached_desktop_width	working/b4a/ps2vnc_framebuffer_tail.inc	306	cached_desktop_width = desktop_width;
cached_output_height	working/b4a/ps2vnc_framebuffer_tail.inc	117	static unsigned int cached_output_height;
cached_output_height	working/b4a/ps2vnc_framebuffer_tail.inc	200	cached_output_height != OUTPUT_HEIGHT ||
cached_output_height	working/b4a/ps2vnc_framebuffer_tail.inc	304	cached_output_height = OUTPUT_HEIGHT;
cached_output_width	working/b4a/ps2vnc_framebuffer_tail.inc	116	static unsigned int cached_output_width;
cached_output_width	working/b4a/ps2vnc_framebuffer_tail.inc	199	cached_output_width != OUTPUT_WIDTH ||
cached_output_width	working/b4a/ps2vnc_framebuffer_tail.inc	303	cached_output_width = OUTPUT_WIDTH;
cached_storage_height	working/b4a/ps2vnc_framebuffer_tail.inc	114	static unsigned int cached_storage_height;
cached_storage_height	working/b4a/ps2vnc_framebuffer_tail.inc	198	cached_storage_height != storage_height ||
cached_storage_height	working/b4a/ps2vnc_framebuffer_tail.inc	301	cached_storage_height = storage_height;
cached_storage_width	working/b4a/ps2vnc_framebuffer_tail.inc	113	static unsigned int cached_storage_width;
cached_storage_width	working/b4a/ps2vnc_framebuffer_tail.inc	197	cached_storage_width != storage_width ||
cached_storage_width	working/b4a/ps2vnc_framebuffer_tail.inc	300	cached_storage_width = storage_width;
calculate_presented_desktop_geometry	working/b4a/ps2vnc_calibration_core.inc	1098	int calculate_presented_desktop_geometry(
calculate_presented_desktop_geometry	working/b4a/ps2vnc_calibration_core.inc	1268	if (calculate_presented_desktop_geometry(
calculate_presented_desktop_geometry	working/b4a/ps2vnc_calibration_tail.inc	766	int calculate_presented_desktop_geometry(
calculate_presented_desktop_geometry	working/b4a/ps2vnc_calibration_tail.inc	1064	if (calculate_presented_desktop_geometry(
calculate_presented_desktop_geometry	working/b4a/ps2vnc_display_tail.inc	80	if (calculate_presented_desktop_geometry(
calculate_presented_desktop_geometry	working/b4a/ps2vnc_display_tail.inc	806	calculate_presented_desktop_geometry(
calculate_presented_desktop_geometry	working/b4a/ps2vnc_services_exports.h	13	int calculate_presented_desktop_geometry( unsigned int *out_x, unsigned int *out_y, unsigned int *out_w, unsigned int *out_h);
debug_emit_geometry_snapshot	working/b4a/ps2vnc_calibration_core.inc	1489	void debug_emit_geometry_snapshot(void)
debug_emit_geometry_snapshot	working/b4a/ps2vnc_calibration_tail.inc	928	debug_emit_geometry_snapshot();
debug_emit_geometry_snapshot	working/b4a/ps2vnc_calibration_tail.inc	1003	debug_emit_geometry_snapshot();
debug_emit_geometry_snapshot	working/b4a/ps2vnc_display_core.inc	102	debug_emit_geometry_snapshot();
debug_emit_geometry_snapshot	working/b4a/ps2vnc_display_tail.inc	126	debug_emit_geometry_snapshot();
debug_emit_geometry_snapshot	working/b4a/ps2vnc_services_exports.h	14	void debug_emit_geometry_snapshot(void);
desktop_geometry_locked	working/b4a/ps2vnc_calibration_core.inc	499	desktop_geometry_locked = 0;
desktop_geometry_locked	working/b4a/ps2vnc_calibration_core.inc	517	desktop_geometry_locked = 0;
desktop_geometry_locked	working/b4a/ps2vnc_calibration_core.inc	599	desktop_geometry_locked = 1;
desktop_geometry_locked	working/b4a/ps2vnc_calibration_core.inc	626	desktop_geometry_locked = 1;
desktop_geometry_locked	working/b4a/ps2vnc_calibration_core.inc	633	!desktop_geometry_locked) {
desktop_geometry_locked	working/b4a/ps2vnc_calibration_core.inc	661	desktop_geometry_locked = 0;
desktop_geometry_locked	working/b4a/ps2vnc_calibration_core.inc	670	desktop_geometry_locked = 0;
desktop_geometry_locked	working/b4a/ps2vnc_calibration_tail.inc	926	desktop_geometry_locked = 1;
desktop_geometry_locked	working/b4a/ps2vnc_calibration_tail.inc	1001	desktop_geometry_locked = 1;
desktop_geometry_locked	working/b4a/ps2vnc_display_core.inc	100	desktop_geometry_locked = 1;
desktop_geometry_locked	working/b4a/ps2vnc_display_tail.inc	128	desktop_geometry_locked = 1;
desktop_geometry_locked	working/b4a/ps2vnc_display_tail.inc	1010	if (desktop_geometry_locked &&
desktop_geometry_locked	working/b4a/ps2vnc_management_core.inc	294	desktop_geometry_locked = 0;
desktop_geometry_locked	working/b4a/ps2vnc_management_core.inc	296	desktop_geometry_locked = 1;
desktop_geometry_locked	working/b4a/ps2vnc_management_core.inc	454	desktop_geometry_locked;
desktop_geometry_locked	working/b4a/ps2vnc_management_core.inc	506	desktop_geometry_locked = 0;
desktop_geometry_locked	working/b4a/ps2vnc_management_core.inc	512	desktop_geometry_locked = saved_geometry_locked;
desktop_geometry_locked	working/b4a/ps2vnc_management_core.inc	557	desktop_geometry_locked = saved_geometry_locked;
desktop_geometry_locked	working/b4a/ps2vnc_runtime_core.inc	293	int desktop_geometry_locked = 0;
desktop_geometry_locked	working/b4a/ps2vnc_runtime_tail.inc	688	if (desktop_geometry_locked) {
desktop_geometry_locked	working/b4a/ps2vnc_services_imports.h	14	extern int desktop_geometry_locked;
desktop_height	working/b4a/ps2vnc_calibration_core.inc	516	desktop_height = target_height;
desktop_height	working/b4a/ps2vnc_calibration_core.inc	526	desktop_height);
desktop_height	working/b4a/ps2vnc_calibration_core.inc	569	desktop_height != target_height)) {
desktop_height	working/b4a/ps2vnc_calibration_core.inc	574	desktop_height,
desktop_height	working/b4a/ps2vnc_calibration_core.inc	598	desktop_height = target_height;
desktop_height	working/b4a/ps2vnc_calibration_core.inc	625	desktop_height = target_height;
desktop_height	working/b4a/ps2vnc_calibration_core.inc	632	desktop_height != target_height ||
desktop_height	working/b4a/ps2vnc_calibration_core.inc	644	desktop_height);
desktop_height	working/b4a/ps2vnc_calibration_core.inc	660	desktop_height = target_height;
desktop_height	working/b4a/ps2vnc_calibration_core.inc	669	desktop_height = target_height;
desktop_height	working/b4a/ps2vnc_calibration_core.inc	1508	desktop_height,
desktop_height	working/b4a/ps2vnc_calibration_tail.inc	468	if (desktop_height >
desktop_height	working/b4a/ps2vnc_calibration_tail.inc	475	(int)desktop_height;
desktop_height	working/b4a/ps2vnc_calibration_tail.inc	874	* sizes its VRAM desktop texture from desktop_width/desktop_height, so
desktop_height	working/b4a/ps2vnc_calibration_tail.inc	905	desktop_height != height) {
desktop_height	working/b4a/ps2vnc_calibration_tail.inc	921	desktop_height = height;
desktop_height	working/b4a/ps2vnc_calibration_tail.inc	987	desktop_height != active_video_mode->standard_logical_height ||
desktop_height	working/b4a/ps2vnc_calibration_tail.inc	989	tex->Height != desktop_height)
desktop_height	working/b4a/ps2vnc_calibration_tail.inc	1511	desktop_height == 0)
desktop_height	working/b4a/ps2vnc_calibration_tail.inc	1517	tex->Height = desktop_height;
desktop_height	working/b4a/ps2vnc_calibration_tail.inc	1585	tex->Height != desktop_height ||
desktop_height	working/b4a/ps2vnc_display_core.inc	81	desktop_height != logical_height) {
desktop_height	working/b4a/ps2vnc_display_core.inc	95	desktop_height = logical_height;
desktop_height	working/b4a/ps2vnc_display_core.inc	521	desktop_height != previous_desktop_h ||
desktop_height	working/b4a/ps2vnc_display_tail.inc	100	desktop_height != logical_h) {
desktop_height	working/b4a/ps2vnc_display_tail.inc	119	desktop_height = logical_h;
desktop_height	working/b4a/ps2vnc_framebuffer_core.inc	51	(desktop_height >> 8) & 0xFF,
desktop_height	working/b4a/ps2vnc_framebuffer_core.inc	52	desktop_height & 0xFF
desktop_height	working/b4a/ps2vnc_framebuffer_core.inc	775	h != desktop_height) {
desktop_height	working/b4a/ps2vnc_framebuffer_core.inc	812	desktop_height)) {
desktop_height	working/b4a/ps2vnc_framebuffer_core.inc	928	total_bytes != (desktop_width * desktop_height * 2)) {
desktop_height	working/b4a/ps2vnc_framebuffer_core.inc	933	desktop_width * desktop_height * 2
desktop_height	working/b4a/ps2vnc_framebuffer_core.inc	1021	rfb_extended_desktop_height != desktop_height) {
desktop_height	working/b4a/ps2vnc_framebuffer_core.inc	1120	if (x >= desktop_width || y >= desktop_height)
desktop_height	working/b4a/ps2vnc_framebuffer_core.inc	1170	!region_fits_u32(x, y, w, h, desktop_width, desktop_height))
desktop_height	working/b4a/ps2vnc_framebuffer_core.inc	1203	desktop_height > VNC_HEIGHT ||
desktop_height	working/b4a/ps2vnc_framebuffer_core.inc	1204	rfb_dirty_y1 > desktop_height)
desktop_height	working/b4a/ps2vnc_framebuffer_tail.inc	161	desktop_height == 0 ||
desktop_height	working/b4a/ps2vnc_framebuffer_tail.inc	167	desktop_height > VNC_HEIGHT ||
desktop_height	working/b4a/ps2vnc_framebuffer_tail.inc	168	rfb_dirty_y1 > desktop_height ||
desktop_height	working/b4a/ps2vnc_framebuffer_tail.inc	202	cached_desktop_height != desktop_height ||
desktop_height	working/b4a/ps2vnc_framebuffer_tail.inc	275	((u64)i * desktop_height) /
desktop_height	working/b4a/ps2vnc_framebuffer_tail.inc	292	for (i = 0; i <= desktop_height; i++) {
desktop_height	working/b4a/ps2vnc_framebuffer_tail.inc	296	desktop_height - 1) /
desktop_height	working/b4a/ps2vnc_framebuffer_tail.inc	297	desktop_height);
desktop_height	working/b4a/ps2vnc_framebuffer_tail.inc	307	cached_desktop_height = desktop_height;
desktop_height	working/b4a/ps2vnc_framebuffer_tail.inc	362	if (src_y >= desktop_height)
desktop_height	working/b4a/ps2vnc_framebuffer_tail.inc	655	tex->Height != desktop_height ||
desktop_height	working/b4a/ps2vnc_framebuffer_tail.inc	729	desktop_height == 0 ||
desktop_height	working/b4a/ps2vnc_framebuffer_tail.inc	734	desktop_height,
desktop_height	working/b4a/ps2vnc_framebuffer_tail.inc	827	((u64)row * desktop_height) /
desktop_height	working/b4a/ps2vnc_framebuffer_tail.inc	858	for (row = 0; row < desktop_height; row++) {
desktop_height	working/b4a/ps2vnc_framebuffer_tail.inc	1019	tex->Height != desktop_height)
desktop_height	working/b4a/ps2vnc_framebuffer_tail.inc	1074	desktop_height))
desktop_height	working/b4a/ps2vnc_framebuffer_tail.inc	1081	desktop_height,
desktop_height	working/b4a/ps2vnc_management_core.inc	237	const unsigned int recovery_target_height = desktop_height;
desktop_height	working/b4a/ps2vnc_management_core.inc	300	desktop_height = recovery_target_height;
desktop_height	working/b4a/ps2vnc_management_core.inc	342	desktop_height != recovery_target_height)) {
desktop_height	working/b4a/ps2vnc_management_core.inc	355	desktop_height = recovery_target_height;
desktop_height	working/b4a/ps2vnc_management_core.inc	396	desktop_height = recovery_target_height;
desktop_height	working/b4a/ps2vnc_management_tail.inc	75	profile->logical_height = desktop_height;
desktop_height	working/b4a/ps2vnc_runtime_core.inc	260	unsigned int desktop_height = VNC_HEIGHT;
desktop_height	working/b4a/ps2vnc_runtime_tail.inc	216	display_confirm_previous_desktop_h = desktop_height;
desktop_height	working/b4a/ps2vnc_runtime_tail.inc	690	height != desktop_height) {
desktop_height	working/b4a/ps2vnc_runtime_tail.inc	695	desktop_height
desktop_height	working/b4a/ps2vnc_runtime_tail.inc	706	desktop_height = height;
desktop_height	working/b4a/ps2vnc_services_imports.h	15	extern unsigned int desktop_height;
desktop_height	working/b4a/ps2vnc_ui_tail.inc	5	int cursor_y = desktop_height / 2;
desktop_height	working/b4a/ps2vnc_ui_tail.inc	1375	if (cursor_y >= (int)desktop_height)
desktop_height	working/b4a/ps2vnc_ui_tail.inc	1376	cursor_y = (int)desktop_height - 1;
desktop_output_height	working/b4a/ps2vnc_calibration_tail.inc	925	desktop_output_height = height;
desktop_output_height	working/b4a/ps2vnc_calibration_tail.inc	1000	desktop_output_height = height;
desktop_output_height	working/b4a/ps2vnc_calibration_tail.inc	1595	(float)(desktop_output_y + desktop_output_height));
desktop_output_height	working/b4a/ps2vnc_display_core.inc	99	desktop_output_height = height;
desktop_output_height	working/b4a/ps2vnc_display_core.inc	525	desktop_output_height != previous_h ||
desktop_output_height	working/b4a/ps2vnc_display_tail.inc	124	desktop_output_height = target_h;
desktop_output_height	working/b4a/ps2vnc_display_tail.inc	696	desktop_output_height,
desktop_output_height	working/b4a/ps2vnc_display_tail.inc	1015	desktop_output_height,
desktop_output_height	working/b4a/ps2vnc_display_tail.inc	1022	safe_h = (float)desktop_output_height;
desktop_output_height	working/b4a/ps2vnc_framebuffer_tail.inc	163	desktop_output_height == 0 ||
desktop_output_height	working/b4a/ps2vnc_framebuffer_tail.inc	174	desktop_output_height,
desktop_output_height	working/b4a/ps2vnc_framebuffer_tail.inc	206	cached_output_h != desktop_output_height;
desktop_output_height	working/b4a/ps2vnc_framebuffer_tail.inc	236	desktop_output_y + desktop_output_height) *
desktop_output_height	working/b4a/ps2vnc_framebuffer_tail.inc	312	cached_output_h = desktop_output_height;
desktop_output_height	working/b4a/ps2vnc_framebuffer_tail.inc	800	desktop_output_y + desktop_output_height) *
desktop_output_height	working/b4a/ps2vnc_management_tail.inc	80	profile->output_height = desktop_output_height;
desktop_output_height	working/b4a/ps2vnc_runtime_core.inc	269	unsigned int desktop_output_height = VNC_HEIGHT;
desktop_output_height	working/b4a/ps2vnc_services_imports.h	16	extern unsigned int desktop_output_height;
desktop_output_width	working/b4a/ps2vnc_calibration_tail.inc	924	desktop_output_width = width;
desktop_output_width	working/b4a/ps2vnc_calibration_tail.inc	999	desktop_output_width = width;
desktop_output_width	working/b4a/ps2vnc_calibration_tail.inc	1593	(float)(desktop_output_x + desktop_output_width));
desktop_output_width	working/b4a/ps2vnc_display_core.inc	98	desktop_output_width = width;
desktop_output_width	working/b4a/ps2vnc_display_core.inc	524	desktop_output_width != previous_w ||
desktop_output_width	working/b4a/ps2vnc_display_tail.inc	123	desktop_output_width = target_w;
desktop_output_width	working/b4a/ps2vnc_display_tail.inc	695	desktop_output_width,
desktop_output_width	working/b4a/ps2vnc_display_tail.inc	1014	desktop_output_width,
desktop_output_width	working/b4a/ps2vnc_display_tail.inc	1021	safe_w = (float)desktop_output_width;
desktop_output_width	working/b4a/ps2vnc_framebuffer_tail.inc	162	desktop_output_width == 0 ||
desktop_output_width	working/b4a/ps2vnc_framebuffer_tail.inc	173	desktop_output_width,
desktop_output_width	working/b4a/ps2vnc_framebuffer_tail.inc	205	cached_output_w != desktop_output_width ||
desktop_output_width	working/b4a/ps2vnc_framebuffer_tail.inc	228	desktop_output_x + desktop_output_width) *
desktop_output_width	working/b4a/ps2vnc_framebuffer_tail.inc	311	cached_output_w = desktop_output_width;
desktop_output_width	working/b4a/ps2vnc_framebuffer_tail.inc	792	desktop_output_x + desktop_output_width) *
desktop_output_width	working/b4a/ps2vnc_management_tail.inc	79	profile->output_width = desktop_output_width;
desktop_output_width	working/b4a/ps2vnc_runtime_core.inc	268	unsigned int desktop_output_width = VNC_WIDTH;
desktop_output_width	working/b4a/ps2vnc_services_imports.h	17	extern unsigned int desktop_output_width;
desktop_output_x	working/b4a/ps2vnc_calibration_core.inc	1509	desktop_output_x,
desktop_output_x	working/b4a/ps2vnc_calibration_tail.inc	922	desktop_output_x = out_x;
desktop_output_x	working/b4a/ps2vnc_calibration_tail.inc	997	desktop_output_x = out_x;
desktop_output_x	working/b4a/ps2vnc_calibration_tail.inc	1589	x0 = ps2vnc_display_output_x((float)desktop_output_x);
desktop_output_x	working/b4a/ps2vnc_calibration_tail.inc	1593	(float)(desktop_output_x + desktop_output_width));
desktop_output_x	working/b4a/ps2vnc_display_core.inc	96	desktop_output_x = out_x;
desktop_output_x	working/b4a/ps2vnc_display_core.inc	522	desktop_output_x != previous_x ||
desktop_output_x	working/b4a/ps2vnc_display_tail.inc	121	desktop_output_x = target_x;
desktop_output_x	working/b4a/ps2vnc_display_tail.inc	693	desktop_output_x,
desktop_output_x	working/b4a/ps2vnc_display_tail.inc	1012	desktop_output_x,
desktop_output_x	working/b4a/ps2vnc_display_tail.inc	1019	safe_x0 = (float)desktop_output_x;
desktop_output_x	working/b4a/ps2vnc_framebuffer_core.inc	1125	OUTPUT_WIDTH + desktop_output_x + x];
desktop_output_x	working/b4a/ps2vnc_framebuffer_core.inc	1178	OUTPUT_WIDTH + desktop_output_x + x;
desktop_output_x	working/b4a/ps2vnc_framebuffer_core.inc	1224	OUTPUT_WIDTH + desktop_output_x + x0;
desktop_output_x	working/b4a/ps2vnc_framebuffer_tail.inc	171	desktop_output_x,
desktop_output_x	working/b4a/ps2vnc_framebuffer_tail.inc	203	cached_output_x != desktop_output_x ||
desktop_output_x	working/b4a/ps2vnc_framebuffer_tail.inc	217	((u64)desktop_output_x * storage_width) /
desktop_output_x	working/b4a/ps2vnc_framebuffer_tail.inc	228	desktop_output_x + desktop_output_width) *
desktop_output_x	working/b4a/ps2vnc_framebuffer_tail.inc	309	cached_output_x = desktop_output_x;
desktop_output_x	working/b4a/ps2vnc_framebuffer_tail.inc	731	desktop_output_x,
desktop_output_x	working/b4a/ps2vnc_framebuffer_tail.inc	781	((u64)desktop_output_x * storage_width) /
desktop_output_x	working/b4a/ps2vnc_framebuffer_tail.inc	792	desktop_output_x + desktop_output_width) *
desktop_output_x	working/b4a/ps2vnc_framebuffer_tail.inc	863	desktop_output_x
desktop_output_x	working/b4a/ps2vnc_framebuffer_tail.inc	1078	desktop_output_x,
desktop_output_x	working/b4a/ps2vnc_framebuffer_tail.inc	1131	storage_row * OUTPUT_WIDTH + desktop_output_x];
desktop_output_x	working/b4a/ps2vnc_framebuffer_tail.inc	1158	desktop_output_x
desktop_output_x	working/b4a/ps2vnc_framebuffer_tail.inc	1166	desktop_output_x
desktop_output_x	working/b4a/ps2vnc_framebuffer_tail.inc	1183	desktop_output_x +
desktop_output_x	working/b4a/ps2vnc_framebuffer_tail.inc	1207	desktop_output_x +
desktop_output_x	working/b4a/ps2vnc_management_tail.inc	77	profile->output_x = desktop_output_x;
desktop_output_x	working/b4a/ps2vnc_runtime_core.inc	266	unsigned int desktop_output_x = 0;
desktop_output_x	working/b4a/ps2vnc_services_imports.h	18	extern unsigned int desktop_output_x;
desktop_output_y	working/b4a/ps2vnc_calibration_core.inc	1510	desktop_output_y,
desktop_output_y	working/b4a/ps2vnc_calibration_tail.inc	923	desktop_output_y = out_y;
desktop_output_y	working/b4a/ps2vnc_calibration_tail.inc	998	desktop_output_y = out_y;
desktop_output_y	working/b4a/ps2vnc_calibration_tail.inc	1590	y0 = ps2vnc_display_output_y((float)desktop_output_y);
desktop_output_y	working/b4a/ps2vnc_calibration_tail.inc	1595	(float)(desktop_output_y + desktop_output_height));
desktop_output_y	working/b4a/ps2vnc_display_core.inc	97	desktop_output_y = out_y;
desktop_output_y	working/b4a/ps2vnc_display_core.inc	523	desktop_output_y != previous_y ||
desktop_output_y	working/b4a/ps2vnc_display_tail.inc	122	desktop_output_y = target_y;
desktop_output_y	working/b4a/ps2vnc_display_tail.inc	694	desktop_output_y,
desktop_output_y	working/b4a/ps2vnc_display_tail.inc	1013	desktop_output_y,
desktop_output_y	working/b4a/ps2vnc_display_tail.inc	1020	safe_y0 = (float)desktop_output_y;
desktop_output_y	working/b4a/ps2vnc_framebuffer_core.inc	1124	hires_bg_storage_row(desktop_output_y + y) *
desktop_output_y	working/b4a/ps2vnc_framebuffer_core.inc	1177	hires_bg_storage_row(desktop_output_y + y + row) *
desktop_output_y	working/b4a/ps2vnc_framebuffer_core.inc	1223	hires_bg_storage_row(desktop_output_y + y) *
desktop_output_y	working/b4a/ps2vnc_framebuffer_tail.inc	172	desktop_output_y,
desktop_output_y	working/b4a/ps2vnc_framebuffer_tail.inc	204	cached_output_y != desktop_output_y ||
desktop_output_y	working/b4a/ps2vnc_framebuffer_tail.inc	222	((u64)desktop_output_y * storage_height) /
desktop_output_y	working/b4a/ps2vnc_framebuffer_tail.inc	236	desktop_output_y + desktop_output_height) *
desktop_output_y	working/b4a/ps2vnc_framebuffer_tail.inc	310	cached_output_y = desktop_output_y;
desktop_output_y	working/b4a/ps2vnc_framebuffer_tail.inc	732	desktop_output_y,
desktop_output_y	working/b4a/ps2vnc_framebuffer_tail.inc	786	((u64)desktop_output_y * storage_height) /
desktop_output_y	working/b4a/ps2vnc_framebuffer_tail.inc	800	desktop_output_y + desktop_output_height) *
desktop_output_y	working/b4a/ps2vnc_framebuffer_tail.inc	861	hires_bg_storage_row(desktop_output_y + row) *
desktop_output_y	working/b4a/ps2vnc_framebuffer_tail.inc	1079	desktop_output_y,
desktop_output_y	working/b4a/ps2vnc_framebuffer_tail.inc	1126	hires_bg_storage_row(desktop_output_y + y + row);
desktop_output_y	working/b4a/ps2vnc_framebuffer_tail.inc	1157	(desktop_output_y + y) * OUTPUT_WIDTH +
desktop_output_y	working/b4a/ps2vnc_framebuffer_tail.inc	1164	hires_bg_storage_row(desktop_output_y + y + row) *
desktop_output_y	working/b4a/ps2vnc_framebuffer_tail.inc	1181	(desktop_output_y + y + h - 1) *
desktop_output_y	working/b4a/ps2vnc_framebuffer_tail.inc	1205	hires_bg_storage_row(desktop_output_y + y + row) *
desktop_output_y	working/b4a/ps2vnc_management_tail.inc	78	profile->output_y = desktop_output_y;
desktop_output_y	working/b4a/ps2vnc_runtime_core.inc	267	unsigned int desktop_output_y = 0;
desktop_output_y	working/b4a/ps2vnc_services_imports.h	19	extern unsigned int desktop_output_y;
desktop_width	working/b4a/ps2vnc_calibration_core.inc	515	desktop_width = target_width;
desktop_width	working/b4a/ps2vnc_calibration_core.inc	525	desktop_width,
desktop_width	working/b4a/ps2vnc_calibration_core.inc	568	(desktop_width != target_width ||
desktop_width	working/b4a/ps2vnc_calibration_core.inc	573	desktop_width,
desktop_width	working/b4a/ps2vnc_calibration_core.inc	597	desktop_width = target_width;
desktop_width	working/b4a/ps2vnc_calibration_core.inc	624	desktop_width = target_width;
desktop_width	working/b4a/ps2vnc_calibration_core.inc	631	if (desktop_width != target_width ||
desktop_width	working/b4a/ps2vnc_calibration_core.inc	643	desktop_width,
desktop_width	working/b4a/ps2vnc_calibration_core.inc	659	desktop_width = target_width;
desktop_width	working/b4a/ps2vnc_calibration_core.inc	668	desktop_width = target_width;
desktop_width	working/b4a/ps2vnc_calibration_core.inc	1507	desktop_width,
desktop_width	working/b4a/ps2vnc_calibration_tail.inc	458	if (desktop_width >
desktop_width	working/b4a/ps2vnc_calibration_tail.inc	465	(int)desktop_width;
desktop_width	working/b4a/ps2vnc_calibration_tail.inc	874	* sizes its VRAM desktop texture from desktop_width/desktop_height, so
desktop_width	working/b4a/ps2vnc_calibration_tail.inc	904	if (desktop_width != width ||
desktop_width	working/b4a/ps2vnc_calibration_tail.inc	920	desktop_width = width;
desktop_width	working/b4a/ps2vnc_calibration_tail.inc	986	if (desktop_width != active_video_mode->standard_logical_width ||
desktop_width	working/b4a/ps2vnc_calibration_tail.inc	988	tex->Width != desktop_width ||
desktop_width	working/b4a/ps2vnc_calibration_tail.inc	1510	desktop_width == 0 ||
desktop_width	working/b4a/ps2vnc_calibration_tail.inc	1516	tex->Width = desktop_width;
desktop_width	working/b4a/ps2vnc_calibration_tail.inc	1584	if (tex->Width != desktop_width ||
desktop_width	working/b4a/ps2vnc_display_core.inc	80	if (desktop_width != logical_width ||
desktop_width	working/b4a/ps2vnc_display_core.inc	94	desktop_width = logical_width;
desktop_width	working/b4a/ps2vnc_display_core.inc	520	desktop_width != previous_desktop_w ||
desktop_width	working/b4a/ps2vnc_display_tail.inc	99	if (desktop_width != logical_w ||
desktop_width	working/b4a/ps2vnc_display_tail.inc	118	desktop_width = logical_w;
desktop_width	working/b4a/ps2vnc_framebuffer_core.inc	49	(desktop_width >> 8) & 0xFF,
desktop_width	working/b4a/ps2vnc_framebuffer_core.inc	50	desktop_width & 0xFF,
desktop_width	working/b4a/ps2vnc_framebuffer_core.inc	120	unsigned int base = (y + row) * desktop_width + x;
desktop_width	working/b4a/ps2vnc_framebuffer_core.inc	161	? &rfb_framebuffer[(ty + row) * desktop_width + tx]
desktop_width	working/b4a/ps2vnc_framebuffer_core.inc	172	(ty + row) * desktop_width + tx;
desktop_width	working/b4a/ps2vnc_framebuffer_core.inc	774	if (w != desktop_width ||
desktop_width	working/b4a/ps2vnc_framebuffer_core.inc	811	desktop_width,
desktop_width	working/b4a/ps2vnc_framebuffer_core.inc	897	(y + row) * desktop_width + x
desktop_width	working/b4a/ps2vnc_framebuffer_core.inc	901	(y + row) * desktop_width + x
desktop_width	working/b4a/ps2vnc_framebuffer_core.inc	928	total_bytes != (desktop_width * desktop_height * 2)) {
desktop_width	working/b4a/ps2vnc_framebuffer_core.inc	933	desktop_width * desktop_height * 2
desktop_width	working/b4a/ps2vnc_framebuffer_core.inc	1020	if (rfb_extended_desktop_width != desktop_width ||
desktop_width	working/b4a/ps2vnc_framebuffer_core.inc	1120	if (x >= desktop_width || y >= desktop_height)
desktop_width	working/b4a/ps2vnc_framebuffer_core.inc	1170	!region_fits_u32(x, y, w, h, desktop_width, desktop_height))
desktop_width	working/b4a/ps2vnc_framebuffer_core.inc	1219	if (x1 <= x0 || x1 > desktop_width)
desktop_width	working/b4a/ps2vnc_framebuffer_tail.inc	160	desktop_width == 0 ||
desktop_width	working/b4a/ps2vnc_framebuffer_tail.inc	166	desktop_width > VNC_WIDTH ||
desktop_width	working/b4a/ps2vnc_framebuffer_tail.inc	201	cached_desktop_width != desktop_width ||
desktop_width	working/b4a/ps2vnc_framebuffer_tail.inc	268	((u64)i * desktop_width) /
desktop_width	working/b4a/ps2vnc_framebuffer_tail.inc	284	for (i = 0; i <= desktop_width; i++) {
desktop_width	working/b4a/ps2vnc_framebuffer_tail.inc	288	desktop_width - 1) /
desktop_width	working/b4a/ps2vnc_framebuffer_tail.inc	289	desktop_width);
desktop_width	working/b4a/ps2vnc_framebuffer_tail.inc	306	cached_desktop_width = desktop_width;
desktop_width	working/b4a/ps2vnc_framebuffer_tail.inc	372	src_x1 > desktop_width) {
desktop_width	working/b4a/ps2vnc_framebuffer_tail.inc	402	src_y * desktop_width
desktop_width	working/b4a/ps2vnc_framebuffer_tail.inc	414	src_x >= desktop_width) {
desktop_width	working/b4a/ps2vnc_framebuffer_tail.inc	654	if (tex->Width != desktop_width ||
desktop_width	working/b4a/ps2vnc_framebuffer_tail.inc	728	if (desktop_width == 0 ||
desktop_width	working/b4a/ps2vnc_framebuffer_tail.inc	733	desktop_width,
desktop_width	working/b4a/ps2vnc_framebuffer_tail.inc	757	* The RFB framebuffer remains tightly packed at desktop_width. Presentation
desktop_width	working/b4a/ps2vnc_framebuffer_tail.inc	840	src_y * desktop_width
desktop_width	working/b4a/ps2vnc_framebuffer_tail.inc	846	((u64)col * desktop_width) /
desktop_width	working/b4a/ps2vnc_framebuffer_tail.inc	868	row * desktop_width
desktop_width	working/b4a/ps2vnc_framebuffer_tail.inc	874	desktop_width * sizeof(unsigned short)
desktop_width	working/b4a/ps2vnc_framebuffer_tail.inc	1018	tex->Width != desktop_width ||
desktop_width	working/b4a/ps2vnc_framebuffer_tail.inc	1073	desktop_width,
desktop_width	working/b4a/ps2vnc_framebuffer_tail.inc	1080	desktop_width,
desktop_width	working/b4a/ps2vnc_framebuffer_tail.inc	1113	if (w >= (desktop_width / 4)) {
desktop_width	working/b4a/ps2vnc_framebuffer_tail.inc	1118	desktop_width * sizeof(unsigned short);
desktop_width	working/b4a/ps2vnc_framebuffer_tail.inc	1133	&gs_framebuffer[(y + row) * desktop_width];
desktop_width	working/b4a/ps2vnc_framebuffer_tail.inc	1141	last[field] = dst + desktop_width;
desktop_width	working/b4a/ps2vnc_framebuffer_tail.inc	1171	(y + row) * desktop_width
desktop_width	working/b4a/ps2vnc_framebuffer_tail.inc	1184	desktop_width
desktop_width	working/b4a/ps2vnc_framebuffer_tail.inc	1213	(y + row) * desktop_width +
desktop_width	working/b4a/ps2vnc_management_core.inc	236	const unsigned int recovery_target_width = desktop_width;
desktop_width	working/b4a/ps2vnc_management_core.inc	299	desktop_width = recovery_target_width;
desktop_width	working/b4a/ps2vnc_management_core.inc	341	(desktop_width != recovery_target_width ||
desktop_width	working/b4a/ps2vnc_management_core.inc	354	desktop_width = recovery_target_width;
desktop_width	working/b4a/ps2vnc_management_core.inc	395	desktop_width = recovery_target_width;
desktop_width	working/b4a/ps2vnc_management_tail.inc	74	profile->logical_width = desktop_width;
desktop_width	working/b4a/ps2vnc_runtime_core.inc	259	unsigned int desktop_width = VNC_WIDTH;
desktop_width	working/b4a/ps2vnc_runtime_tail.inc	215	display_confirm_previous_desktop_w = desktop_width;
desktop_width	working/b4a/ps2vnc_runtime_tail.inc	689	if (width != desktop_width ||
desktop_width	working/b4a/ps2vnc_runtime_tail.inc	694	desktop_width,
desktop_width	working/b4a/ps2vnc_runtime_tail.inc	705	desktop_width = width;
desktop_width	working/b4a/ps2vnc_services_imports.h	20	extern unsigned int desktop_width;
desktop_width	working/b4a/ps2vnc_ui_core.inc	1181	if (x < desktop_width - 1)
desktop_width	working/b4a/ps2vnc_ui_tail.inc	4	int cursor_x = desktop_width / 2;
desktop_width	working/b4a/ps2vnc_ui_tail.inc	1370	if (cursor_x >= (int)desktop_width)
desktop_width	working/b4a/ps2vnc_ui_tail.inc	1371	cursor_x = (int)desktop_width - 1;
display_calibration_request	working/b4a/ps2vnc_display_core.inc	1007	display_calibration_request !=
display_calibration_request	working/b4a/ps2vnc_display_tail.inc	371	if (display_calibration_request != DISPLAY_MODE_REQUEST_NONE) {
display_calibration_request	working/b4a/ps2vnc_display_tail.inc	372	int request = display_calibration_request;
display_calibration_request	working/b4a/ps2vnc_display_tail.inc	375	display_calibration_request = DISPLAY_MODE_REQUEST_NONE;
display_calibration_request	working/b4a/ps2vnc_runtime_core.inc	834	volatile int display_calibration_request =
display_calibration_request	working/b4a/ps2vnc_runtime_core_to_tail.h	139	extern volatile int display_calibration_request ;
display_calibration_request	working/b4a/ps2vnc_runtime_tail.inc	113	display_calibration_request != DISPLAY_MODE_REQUEST_NONE ||
display_calibration_request	working/b4a/ps2vnc_runtime_to_ui_display.h	264	extern volatile int display_calibration_request ;
display_calibration_request	working/b4a/ps2vnc_ui_tail.inc	946	display_calibration_request =
display_confirm_action	working/b4a/ps2vnc_display_core.inc	449	display_confirm_action =
display_confirm_action	working/b4a/ps2vnc_display_core.inc	898	display_confirm_action !=
display_confirm_action	working/b4a/ps2vnc_display_core.inc	924	display_confirm_action =
display_confirm_action	working/b4a/ps2vnc_display_core.inc	1089	display_confirm_action =
display_confirm_action	working/b4a/ps2vnc_display_tail.inc	425	display_confirm_action == DISPLAY_CONFIRM_ACTION_KEEP) {
display_confirm_action	working/b4a/ps2vnc_display_tail.inc	442	display_confirm_action =
display_confirm_action	working/b4a/ps2vnc_display_tail.inc	465	display_confirm_action == DISPLAY_CONFIRM_ACTION_ROLLBACK) {
display_confirm_action	working/b4a/ps2vnc_display_tail.inc	766	display_confirm_action =
display_confirm_action	working/b4a/ps2vnc_display_tail.inc	824	display_confirm_action =
display_confirm_action	working/b4a/ps2vnc_display_tail.inc	885	display_confirm_action ==
display_confirm_action	working/b4a/ps2vnc_display_tail.inc	890	display_confirm_action =
display_confirm_action	working/b4a/ps2vnc_display_tail.inc	1172	display_confirm_action != DISPLAY_CONFIRM_ACTION_KEEP) {
display_confirm_action	working/b4a/ps2vnc_display_tail.inc	1174	display_confirm_action =
display_confirm_action	working/b4a/ps2vnc_display_tail.inc	1307	display_confirm_action !=
display_confirm_action	working/b4a/ps2vnc_display_tail.inc	1312	display_confirm_action =
display_confirm_action	working/b4a/ps2vnc_runtime_core.inc	959	volatile int display_confirm_action = DISPLAY_CONFIRM_ACTION_NONE;
display_confirm_action	working/b4a/ps2vnc_runtime_core.inc	1479	display_confirm_action == DISPLAY_CONFIRM_ACTION_ROLLBACK)
display_confirm_action	working/b4a/ps2vnc_runtime_core.inc	1549	display_confirm_action == DISPLAY_CONFIRM_ACTION_ROLLBACK)
display_confirm_action	working/b4a/ps2vnc_runtime_core_to_tail.h	140	extern volatile int display_confirm_action ;
display_confirm_action	working/b4a/ps2vnc_runtime_tail.inc	231	display_confirm_action = DISPLAY_CONFIRM_ACTION_NONE;
display_confirm_action	working/b4a/ps2vnc_runtime_tail.inc	246	display_confirm_action = DISPLAY_CONFIRM_ACTION_NONE;
display_confirm_action	working/b4a/ps2vnc_runtime_to_ui_display.h	266	extern volatile int display_confirm_action ;
display_confirm_action	working/b4a/ps2vnc_ui_tail.inc	500	display_confirm_action == DISPLAY_CONFIRM_ACTION_NONE &&
display_confirm_action	working/b4a/ps2vnc_ui_tail.inc	519	display_confirm_action ==
display_confirm_action	working/b4a/ps2vnc_ui_tail.inc	522	display_confirm_action =
display_confirm_action	working/b4a/ps2vnc_ui_tail.inc	601	display_confirm_action ==
display_confirm_action	working/b4a/ps2vnc_ui_tail.inc	620	display_confirm_action ==
display_confirm_action	working/b4a/ps2vnc_ui_tail.inc	625	display_confirm_action =
display_confirm_action	working/b4a/ps2vnc_ui_tail.inc	633	display_confirm_action ==
display_confirm_action	working/b4a/ps2vnc_ui_tail.inc	638	display_confirm_action =
display_confirm_arm_transaction	working/b4a/ps2vnc_display_tail.inc	691	display_confirm_arm_transaction(
display_confirm_arm_transaction	working/b4a/ps2vnc_runtime_tail.inc	197	void display_confirm_arm_transaction(
display_confirm_arm_transaction	working/b4a/ps2vnc_runtime_to_ui_display.h	438	extern void display_confirm_arm_transaction (const ps2vnc_video_mode_t *previous_mode, unsigned int previous_x, unsigned int previous_y, unsigned int previous_w, unsigned int previous_h, int previous_screen_fit_width, int previous_screen_fit_height, int previous_screen_fit_offset_x, int previous_screen_fit_offset_y, int previous_screen_fit_full_bypass);
display_confirm_disarm_transaction	working/b4a/ps2vnc_display_core.inc	539	display_confirm_disarm_transaction();
display_confirm_disarm_transaction	working/b4a/ps2vnc_display_tail.inc	458	display_confirm_disarm_transaction();
display_confirm_disarm_transaction	working/b4a/ps2vnc_runtime_tail.inc	240	void display_confirm_disarm_transaction(void)
display_confirm_disarm_transaction	working/b4a/ps2vnc_runtime_to_ui_display.h	440	extern void display_confirm_disarm_transaction (void);
display_confirm_pending	working/b4a/ps2vnc_display_core.inc	436	if (!display_confirm_pending ||
display_confirm_pending	working/b4a/ps2vnc_display_core.inc	897	!display_confirm_pending ||
display_confirm_pending	working/b4a/ps2vnc_display_core.inc	1003	if (display_confirm_pending ||
display_confirm_pending	working/b4a/ps2vnc_display_tail.inc	424	if (display_confirm_pending &&
display_confirm_pending	working/b4a/ps2vnc_display_tail.inc	464	if (display_confirm_pending &&
display_confirm_pending	working/b4a/ps2vnc_display_tail.inc	1171	if (display_confirm_pending &&
display_confirm_pending	working/b4a/ps2vnc_display_tail.inc	1255	(display_confirm_pending &&
display_confirm_pending	working/b4a/ps2vnc_display_tail.inc	1306	if (display_confirm_pending &&
display_confirm_pending	working/b4a/ps2vnc_runtime_core.inc	955	volatile int display_confirm_pending = 0;
display_confirm_pending	working/b4a/ps2vnc_runtime_core.inc	1477	if (display_confirm_pending &&
display_confirm_pending	working/b4a/ps2vnc_runtime_core.inc	1547	if (display_confirm_pending &&
display_confirm_pending	working/b4a/ps2vnc_runtime_core_to_tail.h	141	extern volatile int display_confirm_pending ;
display_confirm_pending	working/b4a/ps2vnc_runtime_tail.inc	110	display_confirm_pending ||
display_confirm_pending	working/b4a/ps2vnc_runtime_tail.inc	236	display_confirm_pending = 1;
display_confirm_pending	working/b4a/ps2vnc_runtime_tail.inc	243	display_confirm_pending = 0;
display_confirm_pending	working/b4a/ps2vnc_runtime_tail.inc	299	if (!display_confirm_pending)
display_confirm_pending	working/b4a/ps2vnc_runtime_to_ui_display.h	268	extern volatile int display_confirm_pending ;
display_confirm_pending	working/b4a/ps2vnc_ui_tail.inc	499	if (display_confirm_pending &&
display_confirm_pending	working/b4a/ps2vnc_ui_tail.inc	518	display_confirm_pending &&
display_confirm_pending	working/b4a/ps2vnc_ui_tail.inc	577	if (display_confirm_pending) {
display_confirm_previous_backend	working/b4a/ps2vnc_display_core.inc	407	display_confirm_previous_backend;
display_confirm_previous_backend	working/b4a/ps2vnc_runtime_core.inc	977	ps2vnc_backend_t display_confirm_previous_backend =
display_confirm_previous_backend	working/b4a/ps2vnc_runtime_core_to_tail.h	142	extern ps2vnc_backend_t display_confirm_previous_backend ;
display_confirm_previous_backend	working/b4a/ps2vnc_runtime_tail.inc	210	display_confirm_previous_backend = active_display_backend;
display_confirm_previous_backend	working/b4a/ps2vnc_runtime_tail.inc	248	display_confirm_previous_backend = PS2VNC_BACKEND_NONE;
display_confirm_previous_backend	working/b4a/ps2vnc_runtime_to_ui_display.h	270	extern ps2vnc_backend_t display_confirm_previous_backend ;
display_confirm_previous_desktop_h	working/b4a/ps2vnc_display_core.inc	421	display_confirm_previous_desktop_h;
display_confirm_previous_desktop_h	working/b4a/ps2vnc_runtime_core.inc	976	unsigned int display_confirm_previous_desktop_h = 0;
display_confirm_previous_desktop_h	working/b4a/ps2vnc_runtime_core_to_tail.h	143	extern unsigned int display_confirm_previous_desktop_h ;
display_confirm_previous_desktop_h	working/b4a/ps2vnc_runtime_tail.inc	216	display_confirm_previous_desktop_h = desktop_height;
display_confirm_previous_desktop_h	working/b4a/ps2vnc_runtime_tail.inc	254	display_confirm_previous_desktop_h = 0;
display_confirm_previous_desktop_h	working/b4a/ps2vnc_runtime_to_ui_display.h	272	extern unsigned int display_confirm_previous_desktop_h ;
display_confirm_previous_desktop_w	working/b4a/ps2vnc_display_core.inc	419	display_confirm_previous_desktop_w;
display_confirm_previous_desktop_w	working/b4a/ps2vnc_runtime_core.inc	975	unsigned int display_confirm_previous_desktop_w = 0;
display_confirm_previous_desktop_w	working/b4a/ps2vnc_runtime_core_to_tail.h	144	extern unsigned int display_confirm_previous_desktop_w ;
display_confirm_previous_desktop_w	working/b4a/ps2vnc_runtime_tail.inc	215	display_confirm_previous_desktop_w = desktop_width;
display_confirm_previous_desktop_w	working/b4a/ps2vnc_runtime_tail.inc	253	display_confirm_previous_desktop_w = 0;
display_confirm_previous_desktop_w	working/b4a/ps2vnc_runtime_to_ui_display.h	274	extern unsigned int display_confirm_previous_desktop_w ;
display_confirm_previous_h	working/b4a/ps2vnc_display_core.inc	416	display_confirm_previous_h;
display_confirm_previous_h	working/b4a/ps2vnc_runtime_core.inc	974	unsigned int display_confirm_previous_h = 0;
display_confirm_previous_h	working/b4a/ps2vnc_runtime_core_to_tail.h	145	extern unsigned int display_confirm_previous_h ;
display_confirm_previous_h	working/b4a/ps2vnc_runtime_tail.inc	214	display_confirm_previous_h = previous_h;
display_confirm_previous_h	working/b4a/ps2vnc_runtime_tail.inc	252	display_confirm_previous_h = 0;
display_confirm_previous_h	working/b4a/ps2vnc_runtime_to_ui_display.h	276	extern unsigned int display_confirm_previous_h ;
display_confirm_previous_mode	working/b4a/ps2vnc_display_core.inc	404	display_confirm_previous_mode;
display_confirm_previous_mode	working/b4a/ps2vnc_display_core.inc	1227	(display_confirm_previous_mode != NULL)
display_confirm_previous_mode	working/b4a/ps2vnc_display_core.inc	1228	? display_confirm_previous_mode
display_confirm_previous_mode	working/b4a/ps2vnc_runtime_core.inc	970	const ps2vnc_video_mode_t *display_confirm_previous_mode = NULL;
display_confirm_previous_mode	working/b4a/ps2vnc_runtime_core_to_tail.h	146	extern const ps2vnc_video_mode_t *display_confirm_previous_mode ;
display_confirm_previous_mode	working/b4a/ps2vnc_runtime_tail.inc	209	display_confirm_previous_mode = previous_mode;
display_confirm_previous_mode	working/b4a/ps2vnc_runtime_tail.inc	247	display_confirm_previous_mode = NULL;
display_confirm_previous_mode	working/b4a/ps2vnc_runtime_to_ui_display.h	278	extern const ps2vnc_video_mode_t *display_confirm_previous_mode ;
display_confirm_previous_mode	working/b4a/ps2vnc_ui_core.inc	20	display_confirm_previous_mode ?
display_confirm_previous_mode	working/b4a/ps2vnc_ui_core.inc	21	"display_confirm_previous_mode->name : ""?"","
display_confirm_previous_screen_fit_full_bypass	working/b4a/ps2vnc_display_core.inc	432	display_confirm_previous_screen_fit_full_bypass;
display_confirm_previous_screen_fit_full_bypass	working/b4a/ps2vnc_runtime_core.inc	991	int display_confirm_previous_screen_fit_full_bypass = 0;
display_confirm_previous_screen_fit_full_bypass	working/b4a/ps2vnc_runtime_core_to_tail.h	147	extern int display_confirm_previous_screen_fit_full_bypass ;
display_confirm_previous_screen_fit_full_bypass	working/b4a/ps2vnc_runtime_tail.inc	226	display_confirm_previous_screen_fit_full_bypass =
display_confirm_previous_screen_fit_full_bypass	working/b4a/ps2vnc_runtime_tail.inc	260	display_confirm_previous_screen_fit_full_bypass = 0;
display_confirm_previous_screen_fit_full_bypass	working/b4a/ps2vnc_runtime_to_ui_display.h	280	extern int display_confirm_previous_screen_fit_full_bypass ;
display_confirm_previous_screen_fit_height	working/b4a/ps2vnc_display_core.inc	426	display_confirm_previous_screen_fit_height;
display_confirm_previous_screen_fit_height	working/b4a/ps2vnc_runtime_core.inc	988	int display_confirm_previous_screen_fit_height = 0;
display_confirm_previous_screen_fit_height	working/b4a/ps2vnc_runtime_core_to_tail.h	148	extern int display_confirm_previous_screen_fit_height ;
display_confirm_previous_screen_fit_height	working/b4a/ps2vnc_runtime_tail.inc	220	display_confirm_previous_screen_fit_height =
display_confirm_previous_screen_fit_height	working/b4a/ps2vnc_runtime_tail.inc	257	display_confirm_previous_screen_fit_height = 0;
display_confirm_previous_screen_fit_height	working/b4a/ps2vnc_runtime_to_ui_display.h	282	extern int display_confirm_previous_screen_fit_height ;
display_confirm_previous_screen_fit_offset_x	working/b4a/ps2vnc_display_core.inc	428	display_confirm_previous_screen_fit_offset_x;
display_confirm_previous_screen_fit_offset_x	working/b4a/ps2vnc_runtime_core.inc	989	int display_confirm_previous_screen_fit_offset_x = 0;
display_confirm_previous_screen_fit_offset_x	working/b4a/ps2vnc_runtime_core_to_tail.h	149	extern int display_confirm_previous_screen_fit_offset_x ;
display_confirm_previous_screen_fit_offset_x	working/b4a/ps2vnc_runtime_tail.inc	222	display_confirm_previous_screen_fit_offset_x =
display_confirm_previous_screen_fit_offset_x	working/b4a/ps2vnc_runtime_tail.inc	258	display_confirm_previous_screen_fit_offset_x = 0;
display_confirm_previous_screen_fit_offset_x	working/b4a/ps2vnc_runtime_to_ui_display.h	284	extern int display_confirm_previous_screen_fit_offset_x ;
display_confirm_previous_screen_fit_offset_y	working/b4a/ps2vnc_display_core.inc	430	display_confirm_previous_screen_fit_offset_y;
display_confirm_previous_screen_fit_offset_y	working/b4a/ps2vnc_runtime_core.inc	990	int display_confirm_previous_screen_fit_offset_y = 0;
display_confirm_previous_screen_fit_offset_y	working/b4a/ps2vnc_runtime_core_to_tail.h	150	extern int display_confirm_previous_screen_fit_offset_y ;
display_confirm_previous_screen_fit_offset_y	working/b4a/ps2vnc_runtime_tail.inc	224	display_confirm_previous_screen_fit_offset_y =
display_confirm_previous_screen_fit_offset_y	working/b4a/ps2vnc_runtime_tail.inc	259	display_confirm_previous_screen_fit_offset_y = 0;
display_confirm_previous_screen_fit_offset_y	working/b4a/ps2vnc_runtime_to_ui_display.h	286	extern int display_confirm_previous_screen_fit_offset_y ;
display_confirm_previous_screen_fit_width	working/b4a/ps2vnc_display_core.inc	424	display_confirm_previous_screen_fit_width;
display_confirm_previous_screen_fit_width	working/b4a/ps2vnc_runtime_core.inc	987	int display_confirm_previous_screen_fit_width = 0;
display_confirm_previous_screen_fit_width	working/b4a/ps2vnc_runtime_core_to_tail.h	151	extern int display_confirm_previous_screen_fit_width ;
display_confirm_previous_screen_fit_width	working/b4a/ps2vnc_runtime_tail.inc	218	display_confirm_previous_screen_fit_width =
display_confirm_previous_screen_fit_width	working/b4a/ps2vnc_runtime_tail.inc	256	display_confirm_previous_screen_fit_width = 0;
display_confirm_previous_screen_fit_width	working/b4a/ps2vnc_runtime_to_ui_display.h	288	extern int display_confirm_previous_screen_fit_width ;
display_confirm_previous_w	working/b4a/ps2vnc_display_core.inc	414	display_confirm_previous_w;
display_confirm_previous_w	working/b4a/ps2vnc_runtime_core.inc	973	unsigned int display_confirm_previous_w = 0;
display_confirm_previous_w	working/b4a/ps2vnc_runtime_core_to_tail.h	152	extern unsigned int display_confirm_previous_w ;
display_confirm_previous_w	working/b4a/ps2vnc_runtime_tail.inc	213	display_confirm_previous_w = previous_w;
display_confirm_previous_w	working/b4a/ps2vnc_runtime_tail.inc	251	display_confirm_previous_w = 0;
display_confirm_previous_w	working/b4a/ps2vnc_runtime_to_ui_display.h	290	extern unsigned int display_confirm_previous_w ;
display_confirm_previous_x	working/b4a/ps2vnc_display_core.inc	410	display_confirm_previous_x;
display_confirm_previous_x	working/b4a/ps2vnc_runtime_core.inc	971	unsigned int display_confirm_previous_x = 0;
display_confirm_previous_x	working/b4a/ps2vnc_runtime_core_to_tail.h	153	extern unsigned int display_confirm_previous_x ;
display_confirm_previous_x	working/b4a/ps2vnc_runtime_tail.inc	211	display_confirm_previous_x = previous_x;
display_confirm_previous_x	working/b4a/ps2vnc_runtime_tail.inc	249	display_confirm_previous_x = 0;
display_confirm_previous_x	working/b4a/ps2vnc_runtime_to_ui_display.h	292	extern unsigned int display_confirm_previous_x ;
display_confirm_previous_y	working/b4a/ps2vnc_display_core.inc	412	display_confirm_previous_y;
display_confirm_previous_y	working/b4a/ps2vnc_runtime_core.inc	972	unsigned int display_confirm_previous_y = 0;
display_confirm_previous_y	working/b4a/ps2vnc_runtime_core_to_tail.h	154	extern unsigned int display_confirm_previous_y ;
display_confirm_previous_y	working/b4a/ps2vnc_runtime_tail.inc	212	display_confirm_previous_y = previous_y;
display_confirm_previous_y	working/b4a/ps2vnc_runtime_tail.inc	250	display_confirm_previous_y = 0;
display_confirm_previous_y	working/b4a/ps2vnc_runtime_to_ui_display.h	294	extern unsigned int display_confirm_previous_y ;
display_confirm_remaining_seconds	working/b4a/ps2vnc_display_tail.inc	882	display_confirm_remaining_seconds();
display_confirm_remaining_seconds	working/b4a/ps2vnc_runtime_tail.inc	295	unsigned int display_confirm_remaining_seconds(void)
display_confirm_remaining_seconds	working/b4a/ps2vnc_runtime_to_ui_display.h	442	extern unsigned int display_confirm_remaining_seconds (void);
display_confirm_remaining_seconds	working/b4a/ps2vnc_ui_tail.inc	505	display_confirm_remaining_seconds();
display_confirm_render_bitmap	working/b4a/ps2vnc_display_tail.inc	965	display_confirm_render_bitmap();
display_confirm_render_bitmap	working/b4a/ps2vnc_ui_core.inc	2	void display_confirm_render_bitmap(void)
display_confirm_render_bitmap	working/b4a/ps2vnc_ui_to_display.h	12	extern void display_confirm_render_bitmap (void);
display_confirm_return_to_active_menu	working/b4a/ps2vnc_display_tail.inc	273	display_confirm_return_to_active_menu();
display_confirm_return_to_active_menu	working/b4a/ps2vnc_display_tail.inc	459	display_confirm_return_to_active_menu();
display_confirm_return_to_active_menu	working/b4a/ps2vnc_display_tail.inc	500	display_confirm_return_to_active_menu();
display_confirm_return_to_active_menu	working/b4a/ps2vnc_display_tail.inc	784	display_confirm_return_to_active_menu();
display_confirm_return_to_active_menu	working/b4a/ps2vnc_display_tail.inc	842	display_confirm_return_to_active_menu();
display_confirm_return_to_active_menu	working/b4a/ps2vnc_display_tail.inc	908	display_confirm_return_to_active_menu();
display_confirm_return_to_active_menu	working/b4a/ps2vnc_display_tail.inc	1192	display_confirm_return_to_active_menu();
display_confirm_return_to_active_menu	working/b4a/ps2vnc_display_tail.inc	1330	display_confirm_return_to_active_menu();
display_confirm_return_to_active_menu	working/b4a/ps2vnc_runtime_core.inc	853	* display_confirm_return_to_active_menu(); consume that call once instead
display_confirm_return_to_active_menu	working/b4a/ps2vnc_runtime_tail.inc	267	void display_confirm_return_to_active_menu(void)
display_confirm_return_to_active_menu	working/b4a/ps2vnc_runtime_to_ui_display.h	444	extern void display_confirm_return_to_active_menu (void);
display_confirm_seconds	working/b4a/ps2vnc_display_tail.inc	861	display_confirm_seconds = 0;
display_confirm_seconds	working/b4a/ps2vnc_display_tail.inc	881	display_confirm_seconds =
display_confirm_seconds	working/b4a/ps2vnc_display_tail.inc	884	if (display_confirm_seconds == 0 ||
display_confirm_seconds	working/b4a/ps2vnc_runtime_core.inc	958	volatile unsigned int display_confirm_seconds = 0;
display_confirm_seconds	working/b4a/ps2vnc_runtime_core_to_tail.h	155	extern volatile unsigned int display_confirm_seconds ;
display_confirm_seconds	working/b4a/ps2vnc_runtime_tail.inc	230	display_confirm_seconds = DISPLAY_CONFIRM_TIMEOUT_SECONDS;
display_confirm_seconds	working/b4a/ps2vnc_runtime_tail.inc	245	display_confirm_seconds = 0;
display_confirm_seconds	working/b4a/ps2vnc_runtime_to_ui_display.h	296	extern volatile unsigned int display_confirm_seconds ;
display_confirm_seconds	working/b4a/ps2vnc_ui_core.inc	49	display_confirm_seconds);
display_confirm_seconds	working/b4a/ps2vnc_ui_tail.inc	507	if (remaining != display_confirm_seconds) {
display_confirm_seconds	working/b4a/ps2vnc_ui_tail.inc	508	display_confirm_seconds = remaining;
display_confirm_selection	working/b4a/ps2vnc_display_tail.inc	444	display_confirm_selection =
display_confirm_selection	working/b4a/ps2vnc_display_tail.inc	913	display_confirm_selection =
display_confirm_selection	working/b4a/ps2vnc_runtime_core.inc	957	volatile int display_confirm_selection = DISPLAY_CONFIRM_GO_BACK;
display_confirm_selection	working/b4a/ps2vnc_runtime_core_to_tail.h	156	extern volatile int display_confirm_selection ;
display_confirm_selection	working/b4a/ps2vnc_runtime_tail.inc	229	display_confirm_selection = DISPLAY_CONFIRM_GO_BACK;
display_confirm_selection	working/b4a/ps2vnc_runtime_to_ui_display.h	298	extern volatile int display_confirm_selection ;
display_confirm_selection	working/b4a/ps2vnc_ui_core.inc	30	display_confirm_selection == DISPLAY_CONFIRM_GO_BACK ?
display_confirm_selection	working/b4a/ps2vnc_ui_core.inc	39	display_confirm_selection == DISPLAY_CONFIRM_KEEP ?
display_confirm_selection	working/b4a/ps2vnc_ui_tail.inc	609	display_confirm_selection =
display_confirm_selection	working/b4a/ps2vnc_ui_tail.inc	610	(display_confirm_selection ==
display_confirm_selection	working/b4a/ps2vnc_ui_tail.inc	639	(display_confirm_selection ==
display_confirm_started_tick	working/b4a/ps2vnc_runtime_core.inc	993	volatile u64 display_confirm_started_tick = 0;
display_confirm_started_tick	working/b4a/ps2vnc_runtime_core_to_tail.h	157	extern volatile u64 display_confirm_started_tick ;
display_confirm_started_tick	working/b4a/ps2vnc_runtime_tail.inc	233	display_confirm_started_tick = GetTimerSystemTime();
display_confirm_started_tick	working/b4a/ps2vnc_runtime_tail.inc	262	display_confirm_started_tick = 0;
display_confirm_started_tick	working/b4a/ps2vnc_runtime_tail.inc	303	GetTimerSystemTime() - display_confirm_started_tick);
display_confirm_visible	working/b4a/ps2vnc_display_core.inc	451	display_confirm_visible = 0;
display_confirm_visible	working/b4a/ps2vnc_display_tail.inc	446	display_confirm_visible = 1;
display_confirm_visible	working/b4a/ps2vnc_display_tail.inc	860	display_confirm_visible = 0;
display_confirm_visible	working/b4a/ps2vnc_display_tail.inc	915	display_confirm_visible = 1;
display_confirm_visible	working/b4a/ps2vnc_display_tail.inc	953	display_confirm_visible ||
display_confirm_visible	working/b4a/ps2vnc_display_tail.inc	964	else if (display_confirm_visible)
display_confirm_visible	working/b4a/ps2vnc_display_tail.inc	1043	display_confirm_visible ||
display_confirm_visible	working/b4a/ps2vnc_display_tail.inc	1062	display_confirm_visible ||
display_confirm_visible	working/b4a/ps2vnc_display_tail.inc	1256	display_confirm_visible) ? 1 : 0;
display_confirm_visible	working/b4a/ps2vnc_runtime_core.inc	956	volatile int display_confirm_visible = 0;
display_confirm_visible	working/b4a/ps2vnc_runtime_core_to_tail.h	158	extern volatile int display_confirm_visible ;
display_confirm_visible	working/b4a/ps2vnc_runtime_tail.inc	232	display_confirm_visible = 0;
display_confirm_visible	working/b4a/ps2vnc_runtime_tail.inc	244	display_confirm_visible = 0;
display_confirm_visible	working/b4a/ps2vnc_runtime_to_ui_display.h	300	extern volatile int display_confirm_visible ;
display_confirm_visible	working/b4a/ps2vnc_ui_tail.inc	510	if (display_confirm_visible) {
display_confirm_visible	working/b4a/ps2vnc_ui_tail.inc	524	display_confirm_visible = 0;
display_confirm_visible	working/b4a/ps2vnc_ui_tail.inc	603	display_confirm_visible &&
display_confirm_visible	working/b4a/ps2vnc_ui_tail.inc	627	display_confirm_visible = 0;
display_confirm_visible	working/b4a/ps2vnc_ui_tail.inc	644	display_confirm_visible = 0;
display_hide_locked_modes	working/b4a/ps2vnc_display_tail.inc	344	display_hide_locked_modes =
display_hide_locked_modes	working/b4a/ps2vnc_management_tail.inc	1335	display_hide_locked_modes =
display_hide_locked_modes	working/b4a/ps2vnc_runtime_core.inc	923	volatile int display_hide_locked_modes = 0;
display_hide_locked_modes	working/b4a/ps2vnc_services_imports.h	21	extern volatile int display_hide_locked_modes;
display_hide_locked_modes	working/b4a/ps2vnc_ui_core.inc	176	if (!display_hide_locked_modes)
display_hide_locked_modes	working/b4a/ps2vnc_ui_core.inc	545	display_hide_locked_modes
display_hide_locked_modes	working/b4a/ps2vnc_ui_tail.inc	916	display_hide_locked_modes
display_menu_error	working/b4a/ps2vnc_display_tail.inc	387	display_menu_error = 1;
display_menu_error	working/b4a/ps2vnc_display_tail.inc	412	display_menu_error = 0;
display_menu_error	working/b4a/ps2vnc_display_tail.inc	575	display_menu_error = 1;
display_menu_error	working/b4a/ps2vnc_display_tail.inc	604	display_menu_error = 1;
display_menu_error	working/b4a/ps2vnc_display_tail.inc	636	display_menu_error = 1;
display_menu_error	working/b4a/ps2vnc_display_tail.inc	677	display_menu_error = 1;
display_menu_error	working/b4a/ps2vnc_runtime_core.inc	825	volatile int display_menu_error = 0;
display_menu_error	working/b4a/ps2vnc_runtime_to_ui_display.h	302	extern volatile int display_menu_error ;
display_menu_error	working/b4a/ps2vnc_ui_core.inc	307	display_menu_error = 0;
display_menu_error	working/b4a/ps2vnc_ui_core.inc	728	} else if (display_menu_error) {
display_menu_error	working/b4a/ps2vnc_ui_tail.inc	794	display_menu_error = 0;
display_menu_error	working/b4a/ps2vnc_ui_tail.inc	808	display_menu_error = 0;
display_menu_error	working/b4a/ps2vnc_ui_tail.inc	822	display_menu_error = 0;
display_menu_error	working/b4a/ps2vnc_ui_tail.inc	836	display_menu_error = 0;
display_menu_error	working/b4a/ps2vnc_ui_tail.inc	846	display_menu_error = 0;
display_menu_error	working/b4a/ps2vnc_ui_tail.inc	942	display_menu_error = 0;
display_menu_error	working/b4a/ps2vnc_ui_tail.inc	978	display_menu_error = 0;
display_menu_first_visible_selection	working/b4a/ps2vnc_ui_core.inc	183	static int display_menu_first_visible_selection(int tab)
display_menu_first_visible_selection	working/b4a/ps2vnc_ui_core.inc	210	return display_menu_first_visible_selection(tab) >= 0;
display_menu_first_visible_selection	working/b4a/ps2vnc_ui_core.inc	281	display_menu_first_visible_selection(
display_menu_first_visible_selection	working/b4a/ps2vnc_ui_core.inc	344	return display_menu_first_visible_selection(
display_menu_mode_at_selection	working/b4a/ps2vnc_management_tail.inc	1352	display_menu_mode_at_selection(
display_menu_mode_at_selection	working/b4a/ps2vnc_runtime_core.inc	796	const ps2vnc_video_mode_t *display_menu_mode_at_selection(
display_menu_mode_at_selection	working/b4a/ps2vnc_runtime_core.inc	820	return display_menu_mode_at_selection(selection);
display_menu_mode_at_selection	working/b4a/ps2vnc_services_imports.h	56	const ps2vnc_video_mode_t *display_menu_mode_at_selection( int selection);
display_menu_mode_at_selection	working/b4a/ps2vnc_services_imports.h	94	const ps2vnc_video_mode_t *display_menu_mode_at_selection( int selection);
display_menu_mode_at_selection	working/b4a/ps2vnc_ui_core.inc	150	display_menu_mode_at_selection(selection);
display_menu_mode_at_selection	working/b4a/ps2vnc_ui_core.inc	164	display_menu_mode_at_selection(selection);
display_menu_mode_at_selection	working/b4a/ps2vnc_ui_core.inc	751	display_menu_mode_at_selection(
display_menu_mode_at_selection	working/b4a/ps2vnc_ui_tail.inc	872	display_menu_mode_at_selection(
display_menu_mode_at_selection	working/b4a/ps2vnc_ui_tail.inc	930	display_menu_mode_at_selection(
display_menu_move_horizontal_selection	working/b4a/ps2vnc_ui_core.inc	374	int display_menu_move_horizontal_selection(
display_menu_move_horizontal_selection	working/b4a/ps2vnc_ui_core_to_tail.h	16	extern int display_menu_move_horizontal_selection (int selection, int direction);
display_menu_move_horizontal_selection	working/b4a/ps2vnc_ui_tail.inc	818	display_menu_move_horizontal_selection(
display_menu_move_horizontal_selection	working/b4a/ps2vnc_ui_tail.inc	832	display_menu_move_horizontal_selection(
display_menu_move_vertical_selection	working/b4a/ps2vnc_ui_core.inc	329	int display_menu_move_vertical_selection(
display_menu_move_vertical_selection	working/b4a/ps2vnc_ui_core_to_tail.h	17	extern int display_menu_move_vertical_selection (int selection, int direction);
display_menu_move_vertical_selection	working/b4a/ps2vnc_ui_tail.inc	790	display_menu_move_vertical_selection(
display_menu_move_vertical_selection	working/b4a/ps2vnc_ui_tail.inc	804	display_menu_move_vertical_selection(
display_menu_normalize_selection	working/b4a/ps2vnc_display_tail.inc	361	display_menu_normalize_selection();
display_menu_normalize_selection	working/b4a/ps2vnc_ui_core.inc	243	void display_menu_normalize_selection(void)
display_menu_normalize_selection	working/b4a/ps2vnc_ui_core.inc	400	display_menu_normalize_selection();
display_menu_normalize_selection	working/b4a/ps2vnc_ui_to_display.h	9	extern void display_menu_normalize_selection (void);
display_menu_open_for_active	working/b4a/ps2vnc_runtime_core.inc	938	void display_menu_open_for_active(int parent_system);
display_menu_open_for_active	working/b4a/ps2vnc_runtime_core_to_tail.h	205	extern void display_menu_open_for_active (int);
display_menu_open_for_active	working/b4a/ps2vnc_runtime_tail.inc	290	display_menu_open_for_active(0);
display_menu_open_for_active	working/b4a/ps2vnc_ui_core.inc	290	void display_menu_open_for_active(int parent_system)
display_menu_open_for_active	working/b4a/ps2vnc_ui_core_to_tail.h	18	extern void display_menu_open_for_active (int parent_system);
display_menu_open_for_active	working/b4a/ps2vnc_ui_tail.inc	361	display_menu_open_for_active(0);
display_menu_open_for_active	working/b4a/ps2vnc_ui_tail.inc	745	display_menu_open_for_active(1);
display_menu_parent_system	working/b4a/ps2vnc_display_tail.inc	389	display_menu_parent_system = 0;
display_menu_parent_system	working/b4a/ps2vnc_display_tail.inc	414	display_menu_parent_system = 0;
display_menu_parent_system	working/b4a/ps2vnc_display_tail.inc	577	display_menu_parent_system = 0;
display_menu_parent_system	working/b4a/ps2vnc_runtime_core.inc	1007	volatile int display_menu_parent_system = 0;
display_menu_parent_system	working/b4a/ps2vnc_runtime_to_ui_display.h	304	extern volatile int display_menu_parent_system ;
display_menu_parent_system	working/b4a/ps2vnc_ui_core.inc	309	display_menu_parent_system = parent_system;
display_menu_parent_system	working/b4a/ps2vnc_ui_tail.inc	849	if (display_menu_parent_system) {
display_menu_parent_system	working/b4a/ps2vnc_ui_tail.inc	850	display_menu_parent_system = 0;
display_menu_parent_system	working/b4a/ps2vnc_ui_tail.inc	944	display_menu_parent_system = 0;
display_menu_parent_system	working/b4a/ps2vnc_ui_tail.inc	980	display_menu_parent_system = 0;
display_menu_render_bitmap	working/b4a/ps2vnc_display_tail.inc	969	display_menu_render_bitmap();
display_menu_render_bitmap	working/b4a/ps2vnc_ui_core.inc	406	void display_menu_render_bitmap(void)
display_menu_render_bitmap	working/b4a/ps2vnc_ui_to_display.h	14	extern void display_menu_render_bitmap (void);
display_menu_selection	working/b4a/ps2vnc_display_tail.inc	385	display_menu_selection =
display_menu_selection	working/b4a/ps2vnc_display_tail.inc	410	display_menu_selection =
display_menu_selection	working/b4a/ps2vnc_display_tail.inc	563	display_menu_selection =
display_menu_selection	working/b4a/ps2vnc_display_tail.inc	602	display_menu_selection =
display_menu_selection	working/b4a/ps2vnc_display_tail.inc	633	display_menu_selection =
display_menu_selection	working/b4a/ps2vnc_display_tail.inc	674	display_menu_selection =
display_menu_selection	working/b4a/ps2vnc_runtime_core.inc	824	volatile int display_menu_selection = 0;
display_menu_selection	working/b4a/ps2vnc_runtime_to_ui_display.h	306	extern volatile int display_menu_selection ;
display_menu_selection	working/b4a/ps2vnc_ui_core.inc	254	display_menu_selection = -1;
display_menu_selection	working/b4a/ps2vnc_ui_core.inc	259	display_menu_selection,
display_menu_selection	working/b4a/ps2vnc_ui_core.inc	261	display_menu_mode_visible(display_menu_selection)) {
display_menu_selection	working/b4a/ps2vnc_ui_core.inc	264	display_menu_selection;
display_menu_selection	working/b4a/ps2vnc_ui_core.inc	276	display_menu_selection = saved;
display_menu_selection	working/b4a/ps2vnc_ui_core.inc	280	display_menu_selection =
display_menu_selection	working/b4a/ps2vnc_ui_core.inc	284	if (display_menu_selection >= 0)
display_menu_selection	working/b4a/ps2vnc_ui_core.inc	286	display_menu_selection;
display_menu_selection	working/b4a/ps2vnc_ui_core.inc	298	display_menu_selection = active_selection;
display_menu_selection	working/b4a/ps2vnc_ui_core.inc	383	return display_menu_selection;
display_menu_selection	working/b4a/ps2vnc_ui_core.inc	388	display_menu_selection,
display_menu_selection	working/b4a/ps2vnc_ui_core.inc	392	display_menu_selection;
display_menu_selection	working/b4a/ps2vnc_ui_core.inc	402	return display_menu_selection;
display_menu_selection	working/b4a/ps2vnc_ui_core.inc	616	display_menu_selection) {
display_menu_selection	working/b4a/ps2vnc_ui_core.inc	752	display_menu_selection);
display_menu_selection	working/b4a/ps2vnc_ui_core.inc	768	display_menu_selection]) {
display_menu_selection	working/b4a/ps2vnc_ui_tail.inc	789	display_menu_selection =
display_menu_selection	working/b4a/ps2vnc_ui_tail.inc	791	display_menu_selection,
display_menu_selection	working/b4a/ps2vnc_ui_tail.inc	803	display_menu_selection =
display_menu_selection	working/b4a/ps2vnc_ui_tail.inc	805	display_menu_selection,
display_menu_selection	working/b4a/ps2vnc_ui_tail.inc	817	display_menu_selection =
display_menu_selection	working/b4a/ps2vnc_ui_tail.inc	819	display_menu_selection,
display_menu_selection	working/b4a/ps2vnc_ui_tail.inc	831	display_menu_selection =
display_menu_selection	working/b4a/ps2vnc_ui_tail.inc	833	display_menu_selection,
display_menu_selection	working/b4a/ps2vnc_ui_tail.inc	873	display_menu_selection);
display_menu_selection	working/b4a/ps2vnc_ui_tail.inc	884	display_menu_selection;
display_menu_selection	working/b4a/ps2vnc_ui_tail.inc	888	display_menu_selection]
display_menu_selection	working/b4a/ps2vnc_ui_tail.inc	931	display_menu_selection);
display_menu_selection	working/b4a/ps2vnc_ui_tail.inc	948	display_menu_selection);
display_menu_selection	working/b4a/ps2vnc_ui_tail.inc	964	display_menu_selection]) {
display_menu_selection	working/b4a/ps2vnc_ui_tail.inc	985	display_menu_selection);
display_menu_selection_for_mode	working/b4a/ps2vnc_display_core.inc	1054	display_menu_selection_for_mode(
display_menu_selection_for_mode	working/b4a/ps2vnc_display_tail.inc	386	display_menu_selection_for_mode(active_video_mode);
display_menu_selection_for_mode	working/b4a/ps2vnc_display_tail.inc	411	display_menu_selection_for_mode(active_video_mode);
display_menu_selection_for_mode	working/b4a/ps2vnc_display_tail.inc	560	display_menu_selection_for_mode(
display_menu_selection_for_mode	working/b4a/ps2vnc_display_tail.inc	564	display_menu_selection_for_mode(
display_menu_selection_for_mode	working/b4a/ps2vnc_display_tail.inc	603	display_menu_selection_for_mode(target_mode);
display_menu_selection_for_mode	working/b4a/ps2vnc_display_tail.inc	634	display_menu_selection_for_mode(
display_menu_selection_for_mode	working/b4a/ps2vnc_display_tail.inc	675	display_menu_selection_for_mode(
display_menu_selection_for_mode	working/b4a/ps2vnc_management_tail.inc	1219	display_menu_selection_for_mode(
display_menu_selection_for_mode	working/b4a/ps2vnc_runtime_core.inc	783	int display_menu_selection_for_mode(
display_menu_selection_for_mode	working/b4a/ps2vnc_services_imports.h	57	int display_menu_selection_for_mode( const ps2vnc_video_mode_t *mode);
display_menu_selection_for_mode	working/b4a/ps2vnc_ui_core.inc	293	display_menu_selection_for_mode(active_video_mode);
display_menu_tab	working/b4a/ps2vnc_display_tail.inc	569	display_menu_tab =
display_menu_tab	working/b4a/ps2vnc_runtime_core.inc	900	volatile int display_menu_tab = DISPLAY_TAB_TV_DTV;
display_menu_tab	working/b4a/ps2vnc_runtime_to_ui_display.h	308	extern volatile int display_menu_tab ;
display_menu_tab	working/b4a/ps2vnc_ui_core.inc	247	if (!display_menu_tab_visible(display_menu_tab))
display_menu_tab	working/b4a/ps2vnc_ui_core.inc	248	display_menu_tab =
display_menu_tab	working/b4a/ps2vnc_ui_core.inc	250	display_menu_tab,
display_menu_tab	working/b4a/ps2vnc_ui_core.inc	253	if (display_menu_tab == DISPLAY_TAB_ADVANCED) {
display_menu_tab	working/b4a/ps2vnc_ui_core.inc	260	display_menu_tab) &&
display_menu_tab	working/b4a/ps2vnc_ui_core.inc	263	display_menu_tab_selection[display_menu_tab] =
display_menu_tab	working/b4a/ps2vnc_ui_core.inc	269	saved = display_menu_tab_selection[display_menu_tab];
display_menu_tab	working/b4a/ps2vnc_ui_core.inc	273	display_menu_tab) &&
display_menu_tab	working/b4a/ps2vnc_ui_core.inc	282	display_menu_tab);
display_menu_tab	working/b4a/ps2vnc_ui_core.inc	285	display_menu_tab_selection[display_menu_tab] =
display_menu_tab	working/b4a/ps2vnc_ui_core.inc	295	display_menu_tab =
display_menu_tab	working/b4a/ps2vnc_ui_core.inc	300	if (display_menu_tab >= DISPLAY_TAB_TV_DTV &&
display_menu_tab	working/b4a/ps2vnc_ui_core.inc	301	display_menu_tab <= DISPLAY_TAB_VGA_OTHER) {
display_menu_tab	working/b4a/ps2vnc_ui_core.inc	303	display_menu_tab_selection[display_menu_tab] =
display_menu_tab	working/b4a/ps2vnc_ui_core.inc	335	if (display_menu_tab == DISPLAY_TAB_ADVANCED ||
display_menu_tab	working/b4a/ps2vnc_ui_core.inc	341	display_menu_tab) ||
display_menu_tab	working/b4a/ps2vnc_ui_core.inc	345	display_menu_tab);
display_menu_tab	working/b4a/ps2vnc_ui_core.inc	360	display_menu_tab) &&
display_menu_tab	working/b4a/ps2vnc_ui_core.inc	363	display_menu_tab_selection[display_menu_tab] =
display_menu_tab	working/b4a/ps2vnc_ui_core.inc	378	int old_tab = display_menu_tab;
display_menu_tab	working/b4a/ps2vnc_ui_core.inc	395	display_menu_tab =
display_menu_tab	working/b4a/ps2vnc_ui_core.inc	397	display_menu_tab,
display_menu_tab	working/b4a/ps2vnc_ui_core.inc	508	(tab == display_menu_tab)
display_menu_tab	working/b4a/ps2vnc_ui_core.inc	513	(tab == display_menu_tab)
display_menu_tab	working/b4a/ps2vnc_ui_core.inc	538	if (display_menu_tab == DISPLAY_TAB_ADVANCED) {
display_menu_tab	working/b4a/ps2vnc_ui_core.inc	594	display_menu_tab))
display_menu_tab	working/b4a/ps2vnc_ui_core.inc	738	} else if (display_menu_tab ==
display_menu_tab	working/b4a/ps2vnc_ui_tail.inc	868	display_menu_tab !=
display_menu_tab	working/b4a/ps2vnc_ui_tail.inc	906	if (display_menu_tab ==
display_menu_tab_for_mode	working/b4a/ps2vnc_display_tail.inc	570	display_menu_tab_for_mode(
display_menu_tab_for_mode	working/b4a/ps2vnc_ui_core.inc	102	int display_menu_tab_for_mode(
display_menu_tab_for_mode	working/b4a/ps2vnc_ui_core.inc	157	return display_menu_tab_for_mode(mode) == tab;
display_menu_tab_for_mode	working/b4a/ps2vnc_ui_core.inc	296	display_menu_tab_for_mode(active_video_mode);
display_menu_tab_for_mode	working/b4a/ps2vnc_ui_to_display.h	10	extern int display_menu_tab_for_mode (const ps2vnc_video_mode_t *mode);
display_menu_tab_selection	working/b4a/ps2vnc_runtime_core.inc	906	volatile int display_menu_tab_selection[3] = {
display_menu_tab_selection	working/b4a/ps2vnc_runtime_to_ui_display.h	310	extern volatile int display_menu_tab_selection[3] ;
display_menu_tab_selection	working/b4a/ps2vnc_ui_core.inc	263	display_menu_tab_selection[display_menu_tab] =
display_menu_tab_selection	working/b4a/ps2vnc_ui_core.inc	269	saved = display_menu_tab_selection[display_menu_tab];
display_menu_tab_selection	working/b4a/ps2vnc_ui_core.inc	285	display_menu_tab_selection[display_menu_tab] =
display_menu_tab_selection	working/b4a/ps2vnc_ui_core.inc	303	display_menu_tab_selection[display_menu_tab] =
display_menu_tab_selection	working/b4a/ps2vnc_ui_core.inc	363	display_menu_tab_selection[display_menu_tab] =
display_menu_tab_selection	working/b4a/ps2vnc_ui_core.inc	391	display_menu_tab_selection[old_tab] =
display_menu_visible	working/b4a/ps2vnc_display_core.inc	571	display_menu_visible = 0;
display_menu_visible	working/b4a/ps2vnc_display_tail.inc	388	display_menu_visible = 1;
display_menu_visible	working/b4a/ps2vnc_display_tail.inc	413	display_menu_visible = 1;
display_menu_visible	working/b4a/ps2vnc_display_tail.inc	576	display_menu_visible = 1;
display_menu_visible	working/b4a/ps2vnc_display_tail.inc	605	display_menu_visible = 1;
display_menu_visible	working/b4a/ps2vnc_display_tail.inc	637	display_menu_visible = 1;
display_menu_visible	working/b4a/ps2vnc_display_tail.inc	678	display_menu_visible = 1;
display_menu_visible	working/b4a/ps2vnc_display_tail.inc	918	display_menu_visible = 0;
display_menu_visible	working/b4a/ps2vnc_display_tail.inc	951	display_menu_visible ||
display_menu_visible	working/b4a/ps2vnc_display_tail.inc	968	else if (display_menu_visible)
display_menu_visible	working/b4a/ps2vnc_display_tail.inc	1041	if (!(display_menu_visible ||
display_menu_visible	working/b4a/ps2vnc_display_tail.inc	1060	if (display_menu_visible ||
display_menu_visible	working/b4a/ps2vnc_runtime_core.inc	823	volatile int display_menu_visible = 0;
display_menu_visible	working/b4a/ps2vnc_runtime_core_to_tail.h	159	extern volatile int display_menu_visible ;
display_menu_visible	working/b4a/ps2vnc_runtime_tail.inc	62	display_menu_visible,
display_menu_visible	working/b4a/ps2vnc_runtime_to_ui_display.h	312	extern volatile int display_menu_visible ;
display_menu_visible	working/b4a/ps2vnc_ui_core.inc	310	display_menu_visible = 1;
display_menu_visible	working/b4a/ps2vnc_ui_tail.inc	176	!display_menu_visible &&
display_menu_visible	working/b4a/ps2vnc_ui_tail.inc	728	if (display_menu_visible) {
display_menu_visible	working/b4a/ps2vnc_ui_tail.inc	771	} else if (display_menu_visible) {
display_menu_visible	working/b4a/ps2vnc_ui_tail.inc	845	display_menu_visible = 0;
display_menu_visible	working/b4a/ps2vnc_ui_tail.inc	941	display_menu_visible = 0;
display_menu_visible	working/b4a/ps2vnc_ui_tail.inc	977	display_menu_visible = 0;
display_mode_locked	working/b4a/ps2vnc_display_tail.inc	330	display_mode_locked[selection] =
display_mode_locked	working/b4a/ps2vnc_display_tail.inc	559	display_mode_locked[
display_mode_locked	working/b4a/ps2vnc_management_tail.inc	1331	display_mode_locked[i] =
display_mode_locked	working/b4a/ps2vnc_runtime_core.inc	921	volatile unsigned char display_mode_locked[VIDEO_MODE_COUNT];
display_mode_locked	working/b4a/ps2vnc_services_imports.h	22	extern volatile unsigned char display_mode_locked[];
display_mode_locked	working/b4a/ps2vnc_ui_core.inc	179	return display_mode_locked[selection] ? 0 : 1;
display_mode_locked	working/b4a/ps2vnc_ui_core.inc	606	} else if (display_mode_locked[i]) {
display_mode_locked	working/b4a/ps2vnc_ui_core.inc	623	display_mode_locked[i]) {
display_mode_locked	working/b4a/ps2vnc_ui_core.inc	641	} else if (display_mode_locked[i]) {
display_mode_locked	working/b4a/ps2vnc_ui_core.inc	767	display_mode_locked[
display_mode_locked	working/b4a/ps2vnc_ui_tail.inc	887	display_mode_locked[
display_mode_locked	working/b4a/ps2vnc_ui_tail.inc	963	} else if (display_mode_locked[
display_mode_request	working/b4a/ps2vnc_display_core.inc	1005	display_mode_request !=
display_mode_request	working/b4a/ps2vnc_display_core.inc	1052	display_mode_request =
display_mode_request	working/b4a/ps2vnc_display_core.inc	1057	if (display_mode_request ==
display_mode_request	working/b4a/ps2vnc_display_tail.inc	513	if (display_mode_request != DISPLAY_MODE_REQUEST_NONE) {
display_mode_request	working/b4a/ps2vnc_display_tail.inc	514	int request = display_mode_request;
display_mode_request	working/b4a/ps2vnc_display_tail.inc	533	display_mode_request = DISPLAY_MODE_REQUEST_NONE;
display_mode_request	working/b4a/ps2vnc_runtime_core.inc	826	volatile int display_mode_request = DISPLAY_MODE_REQUEST_NONE;
display_mode_request	working/b4a/ps2vnc_runtime_core_to_tail.h	160	extern volatile int display_mode_request ;
display_mode_request	working/b4a/ps2vnc_runtime_tail.inc	112	display_mode_request != DISPLAY_MODE_REQUEST_NONE ||
display_mode_request	working/b4a/ps2vnc_runtime_to_ui_display.h	314	extern volatile int display_mode_request ;
display_mode_request	working/b4a/ps2vnc_ui_tail.inc	983	display_mode_request =
display_mode_request_for_selection	working/b4a/ps2vnc_display_core.inc	1053	display_mode_request_for_selection(
display_mode_request_for_selection	working/b4a/ps2vnc_runtime_core.inc	806	int display_mode_request_for_selection(int selection)
display_mode_request_for_selection	working/b4a/ps2vnc_runtime_to_ui_display.h	446	extern int display_mode_request_for_selection (int selection);
display_mode_request_for_selection	working/b4a/ps2vnc_ui_tail.inc	947	display_mode_request_for_selection(
display_mode_request_for_selection	working/b4a/ps2vnc_ui_tail.inc	984	display_mode_request_for_selection(
display_mode_request_remote	working/b4a/ps2vnc_display_core.inc	864	display_mode_request_remote = 0;
display_mode_request_remote	working/b4a/ps2vnc_display_core.inc	1051	display_mode_request_remote = 1;
display_mode_request_remote	working/b4a/ps2vnc_display_tail.inc	516	display_mode_request_remote;
display_mode_request_remote	working/b4a/ps2vnc_display_tail.inc	534	display_mode_request_remote = 0;
display_mode_request_remote	working/b4a/ps2vnc_runtime_core.inc	859	volatile int display_mode_request_remote = 0;
display_mode_request_remote	working/b4a/ps2vnc_runtime_to_ui_display.h	316	extern volatile int display_mode_request_remote ;
display_mode_request_remote	working/b4a/ps2vnc_ui_tail.inc	982	display_mode_request_remote = 0;
display_mode_request_target	working/b4a/ps2vnc_display_tail.inc	376	target_mode = display_mode_request_target(request);
display_mode_request_target	working/b4a/ps2vnc_display_tail.inc	537	display_mode_request_target(request);
display_mode_request_target	working/b4a/ps2vnc_runtime_core.inc	815	const ps2vnc_video_mode_t *display_mode_request_target(
display_mode_request_target	working/b4a/ps2vnc_runtime_to_ui_display.h	448	extern const ps2vnc_video_mode_t *display_mode_request_target (int request);
display_policy_error	working/b4a/ps2vnc_display_tail.inc	350	display_policy_error = 1;
display_policy_error	working/b4a/ps2vnc_display_tail.inc	353	display_policy_error = 0;
display_policy_error	working/b4a/ps2vnc_runtime_core.inc	925	volatile int display_policy_error = 0;
display_policy_error	working/b4a/ps2vnc_runtime_to_ui_display.h	318	extern volatile int display_policy_error ;
display_policy_error	working/b4a/ps2vnc_ui_core.inc	308	display_policy_error = 0;
display_policy_error	working/b4a/ps2vnc_ui_core.inc	718	} else if (display_policy_error) {
display_policy_error	working/b4a/ps2vnc_ui_tail.inc	795	display_policy_error = 0;
display_policy_error	working/b4a/ps2vnc_ui_tail.inc	809	display_policy_error = 0;
display_policy_error	working/b4a/ps2vnc_ui_tail.inc	823	display_policy_error = 0;
display_policy_error	working/b4a/ps2vnc_ui_tail.inc	837	display_policy_error = 0;
display_policy_error	working/b4a/ps2vnc_ui_tail.inc	847	display_policy_error = 0;
display_policy_error	working/b4a/ps2vnc_ui_tail.inc	881	display_policy_error = 0;
display_policy_error	working/b4a/ps2vnc_ui_tail.inc	913	display_policy_error = 0;
display_policy_error	working/b4a/ps2vnc_ui_tail.inc	943	display_policy_error = 0;
display_policy_error	working/b4a/ps2vnc_ui_tail.inc	959	display_policy_error = 1;
display_policy_error	working/b4a/ps2vnc_ui_tail.inc	979	display_policy_error = 0;
display_policy_loaded	working/b4a/ps2vnc_display_tail.inc	317	if (display_policy_loaded &&
display_policy_loaded	working/b4a/ps2vnc_display_tail.inc	338	if (display_policy_loaded) {
display_policy_loaded	working/b4a/ps2vnc_display_tail.inc	558	(!display_policy_loaded ||
display_policy_loaded	working/b4a/ps2vnc_management_tail.inc	1338	display_policy_loaded = 1;
display_policy_loaded	working/b4a/ps2vnc_runtime_core.inc	924	volatile int display_policy_loaded = 0;
display_policy_loaded	working/b4a/ps2vnc_services_imports.h	23	extern volatile int display_policy_loaded;
display_policy_loaded	working/b4a/ps2vnc_ui_core.inc	320	display_policy_loaded = 0;
display_policy_loaded	working/b4a/ps2vnc_ui_tail.inc	877	display_policy_loaded &&
display_policy_loaded	working/b4a/ps2vnc_ui_tail.inc	909	if (display_policy_loaded &&
display_policy_loaded	working/b4a/ps2vnc_ui_tail.inc	953	} else if (!display_policy_loaded) {
display_policy_request	working/b4a/ps2vnc_display_tail.inc	293	if (display_policy_request !=
display_policy_request	working/b4a/ps2vnc_display_tail.inc	297	display_policy_request;
display_policy_request	working/b4a/ps2vnc_display_tail.inc	358	display_policy_request =
display_policy_request	working/b4a/ps2vnc_runtime_core.inc	932	volatile int display_policy_request =
display_policy_request	working/b4a/ps2vnc_runtime_to_ui_display.h	320	extern volatile int display_policy_request ;
display_policy_request	working/b4a/ps2vnc_ui_core.inc	317	if (display_policy_request ==
display_policy_request	working/b4a/ps2vnc_ui_core.inc	321	display_policy_request =
display_policy_request	working/b4a/ps2vnc_ui_core.inc	704	if (display_policy_request !=
display_policy_request	working/b4a/ps2vnc_ui_core.inc	710	display_policy_request ==
display_policy_request	working/b4a/ps2vnc_ui_tail.inc	878	display_policy_request ==
display_policy_request	working/b4a/ps2vnc_ui_tail.inc	892	display_policy_request =
display_policy_request	working/b4a/ps2vnc_ui_tail.inc	910	display_policy_request ==
display_policy_request	working/b4a/ps2vnc_ui_tail.inc	920	display_policy_request =
display_policy_request_selection	working/b4a/ps2vnc_display_tail.inc	300	display_policy_request_selection;
display_policy_request_selection	working/b4a/ps2vnc_display_tail.inc	356	display_policy_request_selection = -1;
display_policy_request_selection	working/b4a/ps2vnc_runtime_core.inc	935	volatile int display_policy_request_selection = -1;
display_policy_request_selection	working/b4a/ps2vnc_runtime_to_ui_display.h	322	extern volatile int display_policy_request_selection ;
display_policy_request_selection	working/b4a/ps2vnc_ui_tail.inc	883	display_policy_request_selection =
display_policy_request_value	working/b4a/ps2vnc_display_tail.inc	303	display_policy_request_value;
display_policy_request_value	working/b4a/ps2vnc_display_tail.inc	357	display_policy_request_value = 0;
display_policy_request_value	working/b4a/ps2vnc_runtime_core.inc	936	volatile int display_policy_request_value = 0;
display_policy_request_value	working/b4a/ps2vnc_runtime_to_ui_display.h	324	extern volatile int display_policy_request_value ;
display_policy_request_value	working/b4a/ps2vnc_ui_tail.inc	886	display_policy_request_value =
display_policy_request_value	working/b4a/ps2vnc_ui_tail.inc	915	display_policy_request_value =
display_restore_ack_mode	working/b4a/ps2vnc_display_core.inc	565	display_restore_ack_mode =
display_restore_ack_mode	working/b4a/ps2vnc_display_core.inc	579	display_restore_ack_mode ?
display_restore_ack_mode	working/b4a/ps2vnc_display_core.inc	580	"display_restore_ack_mode->name : ""?"");"
display_restore_ack_mode	working/b4a/ps2vnc_display_tail.inc	264	display_restore_ack_mode ?
display_restore_ack_mode	working/b4a/ps2vnc_display_tail.inc	265	"display_restore_ack_mode->name : ""?"");"
display_restore_ack_mode	working/b4a/ps2vnc_display_tail.inc	271	display_restore_ack_mode = NULL;
display_restore_ack_mode	working/b4a/ps2vnc_runtime_core.inc	1005	const ps2vnc_video_mode_t *display_restore_ack_mode = NULL;
display_restore_ack_mode	working/b4a/ps2vnc_runtime_to_ui_display.h	326	extern const ps2vnc_video_mode_t *display_restore_ack_mode ;
display_restore_ack_mode	working/b4a/ps2vnc_ui_core.inc	80	display_restore_ack_mode ?
display_restore_ack_mode	working/b4a/ps2vnc_ui_core.inc	81	"display_restore_ack_mode->name : ""DISPLAY"");"
display_restore_ack_render_bitmap	working/b4a/ps2vnc_display_tail.inc	963	display_restore_ack_render_bitmap();
display_restore_ack_render_bitmap	working/b4a/ps2vnc_ui_core.inc	61	void display_restore_ack_render_bitmap(void)
display_restore_ack_render_bitmap	working/b4a/ps2vnc_ui_to_display.h	11	extern void display_restore_ack_render_bitmap (void);
display_restore_ack_request	working/b4a/ps2vnc_display_core.inc	568	display_restore_ack_request = 0;
display_restore_ack_request	working/b4a/ps2vnc_display_tail.inc	249	display_restore_ack_request) {
display_restore_ack_request	working/b4a/ps2vnc_display_tail.inc	251	display_restore_ack_request = 0;
display_restore_ack_request	working/b4a/ps2vnc_runtime_core.inc	1004	volatile int display_restore_ack_request = 0;
display_restore_ack_request	working/b4a/ps2vnc_runtime_to_ui_display.h	328	extern volatile int display_restore_ack_request ;
display_restore_ack_request	working/b4a/ps2vnc_ui_tail.inc	558	if (!display_restore_ack_request &&
display_restore_ack_request	working/b4a/ps2vnc_ui_tail.inc	562	display_restore_ack_request = 1;
display_restore_ack_visible	working/b4a/ps2vnc_display_core.inc	574	display_restore_ack_visible = 1;
display_restore_ack_visible	working/b4a/ps2vnc_display_tail.inc	248	if (display_restore_ack_visible &&
display_restore_ack_visible	working/b4a/ps2vnc_display_tail.inc	270	display_restore_ack_visible = 0;
display_restore_ack_visible	working/b4a/ps2vnc_display_tail.inc	954	display_restore_ack_visible) {
display_restore_ack_visible	working/b4a/ps2vnc_display_tail.inc	962	if (display_restore_ack_visible)
display_restore_ack_visible	working/b4a/ps2vnc_display_tail.inc	1044	display_restore_ack_visible) &&
display_restore_ack_visible	working/b4a/ps2vnc_display_tail.inc	1063	display_restore_ack_visible) {
display_restore_ack_visible	working/b4a/ps2vnc_runtime_core.inc	1003	volatile int display_restore_ack_visible = 0;
display_restore_ack_visible	working/b4a/ps2vnc_runtime_core_to_tail.h	161	extern volatile int display_restore_ack_visible ;
display_restore_ack_visible	working/b4a/ps2vnc_runtime_tail.inc	109	if (display_restore_ack_visible ||
display_restore_ack_visible	working/b4a/ps2vnc_runtime_tail.inc	287	if (display_restore_ack_visible)
display_restore_ack_visible	working/b4a/ps2vnc_runtime_to_ui_display.h	330	extern volatile int display_restore_ack_visible ;
display_restore_ack_visible	working/b4a/ps2vnc_ui_tail.inc	546	if (display_restore_ack_visible) {
display_switch_failure_stage	working/b4a/ps2vnc_display_core.inc	16	display_switch_failure_stage = 0;
display_switch_failure_stage	working/b4a/ps2vnc_display_core.inc	22	display_switch_failure_stage = 1u;
display_switch_failure_stage	working/b4a/ps2vnc_display_core.inc	30	display_switch_failure_stage = 2u;
display_switch_failure_stage	working/b4a/ps2vnc_display_core.inc	41	display_switch_failure_stage = 3u;
display_switch_failure_stage	working/b4a/ps2vnc_display_core.inc	49	display_switch_failure_stage = 4u;
display_switch_failure_stage	working/b4a/ps2vnc_display_core.inc	58	display_switch_failure_stage = 5u;
display_switch_failure_stage	working/b4a/ps2vnc_display_core.inc	68	display_switch_failure_stage = 6u;
display_switch_failure_stage	working/b4a/ps2vnc_display_core.inc	76	display_switch_failure_stage = 7u;
display_switch_failure_stage	working/b4a/ps2vnc_display_core.inc	89	display_switch_failure_stage = 8u;
display_switch_failure_stage	working/b4a/ps2vnc_display_core.inc	110	display_switch_failure_stage = 9u;
display_switch_failure_stage	working/b4a/ps2vnc_display_core.inc	116	display_switch_failure_stage = 10u;
display_switch_failure_stage	working/b4a/ps2vnc_display_core.inc	127	display_switch_failure_stage = 11u;
display_switch_failure_stage	working/b4a/ps2vnc_display_core.inc	136	display_switch_failure_stage = 12u;
display_switch_failure_stage	working/b4a/ps2vnc_display_core.inc	144	display_switch_failure_stage = 13u;
display_switch_failure_stage	working/b4a/ps2vnc_display_core.inc	229	display_switch_failure_stage = 0;
display_switch_failure_stage	working/b4a/ps2vnc_display_core.inc	237	display_switch_failure_stage = 14u;
display_switch_failure_stage	working/b4a/ps2vnc_display_core.inc	247	display_switch_failure_stage = 14u;
display_switch_failure_stage	working/b4a/ps2vnc_display_core.inc	258	display_switch_failure_stage = 15u;
display_switch_failure_stage	working/b4a/ps2vnc_display_core.inc	274	display_switch_failure_stage = 16u;
display_switch_failure_stage	working/b4a/ps2vnc_display_core.inc	319	display_switch_failure_stage = 17u;
display_switch_failure_stage	working/b4a/ps2vnc_display_core.inc	338	display_switch_failure_stage = 18u;
display_switch_failure_stage	working/b4a/ps2vnc_display_core.inc	344	display_switch_failure_stage = 19u;
display_switch_failure_stage	working/b4a/ps2vnc_display_core.inc	350	display_switch_failure_stage = 20u;
display_switch_failure_stage	working/b4a/ps2vnc_display_core.inc	370	display_switch_failure_stage = 21u;
display_switch_failure_stage	working/b4a/ps2vnc_display_tail.inc	758	display_switch_failure_stage * 1000u +
display_switch_failure_stage	working/b4a/ps2vnc_runtime_core.inc	867	volatile unsigned int display_switch_failure_stage = 0;
display_switch_failure_stage	working/b4a/ps2vnc_runtime_to_ui_display.h	332	extern volatile unsigned int display_switch_failure_stage ;
display_transition_switch_in_progress	working/b4a/ps2vnc_display_core.inc	1004	display_transition_switch_in_progress ||
display_transition_switch_in_progress	working/b4a/ps2vnc_display_tail.inc	703	display_transition_switch_in_progress = 1;
display_transition_switch_in_progress	working/b4a/ps2vnc_display_tail.inc	744	display_transition_switch_in_progress = 0;
display_transition_switch_in_progress	working/b4a/ps2vnc_runtime_core.inc	968	volatile int display_transition_switch_in_progress = 0;
display_transition_switch_in_progress	working/b4a/ps2vnc_runtime_core_to_tail.h	162	extern volatile int display_transition_switch_in_progress ;
display_transition_switch_in_progress	working/b4a/ps2vnc_runtime_tail.inc	111	display_transition_switch_in_progress ||
display_transition_switch_in_progress	working/b4a/ps2vnc_runtime_to_ui_display.h	334	extern volatile int display_transition_switch_in_progress ;
display_transition_switch_in_progress	working/b4a/ps2vnc_ui_tail.inc	502	display_transition_switch_in_progress)) {
display_transition_switch_in_progress	working/b4a/ps2vnc_ui_tail.inc	541	if (display_transition_switch_in_progress)
force_screen_fit_calibration	working/b4a/ps2vnc_calibration_core.inc	1512	force_screen_fit_calibration
force_screen_fit_calibration	working/b4a/ps2vnc_display_tail.inc	50	force_screen_fit_calibration) {
force_screen_fit_calibration	working/b4a/ps2vnc_display_tail.inc	63	force_screen_fit_calibration = 0;
force_screen_fit_calibration	working/b4a/ps2vnc_display_tail.inc	1561	force_screen_fit_calibration =
force_screen_fit_calibration	working/b4a/ps2vnc_display_tail.inc	1564	if (force_screen_fit_calibration)
force_screen_fit_calibration	working/b4a/ps2vnc_runtime_core.inc	662	int force_screen_fit_calibration = 0;
force_screen_fit_calibration	working/b4a/ps2vnc_services_imports.h	25	extern int force_screen_fit_calibration;
hires_bg_back_buffer	working/b4a/ps2vnc_calibration_tail.inc	1271	unsigned short *back = hires_bg_back_buffer;
hires_bg_back_buffer	working/b4a/ps2vnc_calibration_tail.inc	1279	hires_bg_back_buffer = NULL;
hires_bg_back_buffer	working/b4a/ps2vnc_calibration_tail.inc	1438	if (hires_bg_buffer != NULL || hires_bg_back_buffer != NULL)
hires_bg_back_buffer	working/b4a/ps2vnc_calibration_tail.inc	1458	hires_bg_back_buffer = memalign(
hires_bg_back_buffer	working/b4a/ps2vnc_calibration_tail.inc	1460	if (hires_bg_back_buffer == NULL) {
hires_bg_back_buffer	working/b4a/ps2vnc_calibration_tail.inc	1481	live_direct_present_buffer = hires_bg_back_buffer;
hires_bg_back_buffer	working/b4a/ps2vnc_calibration_tail.inc	1485	hires_bg_back_buffer,
hires_bg_back_buffer	working/b4a/ps2vnc_calibration_tail.inc	1490	hires_bg_back_buffer,
hires_bg_back_buffer	working/b4a/ps2vnc_calibration_tail.inc	1491	(unsigned char *)hires_bg_back_buffer +
hires_bg_back_buffer	working/b4a/ps2vnc_framebuffer_tail.inc	14	hires_bg_back_buffer == NULL ||
hires_bg_back_buffer	working/b4a/ps2vnc_framebuffer_tail.inc	21	hidden = hires_bg_back_buffer;
hires_bg_back_buffer	working/b4a/ps2vnc_framebuffer_tail.inc	57	hires_bg_back_buffer = old_front;
hires_bg_back_buffer	working/b4a/ps2vnc_framebuffer_tail.inc	464	hires_bg_back_buffer == NULL ||
hires_bg_back_buffer	working/b4a/ps2vnc_framebuffer_tail.inc	481	hidden = hires_bg_back_buffer;
hires_bg_back_buffer	working/b4a/ps2vnc_framebuffer_tail.inc	509	hires_bg_back_buffer = old_front;
hires_bg_back_buffer	working/b4a/ps2vnc_framebuffer_tail.inc	516	hires_bg_back_buffer,
hires_bg_back_buffer	working/b4a/ps2vnc_framebuffer_tail.inc	606	hires_bg_back_buffer = old_front;
hires_bg_back_buffer	working/b4a/ps2vnc_framebuffer_tail.inc	607	live_direct_present_buffer = hires_bg_back_buffer;
hires_bg_back_buffer	working/b4a/ps2vnc_framebuffer_tail.inc	946	hires_bg_back_buffer == NULL) {
hires_bg_back_buffer	working/b4a/ps2vnc_framebuffer_tail.inc	958	hires_bg_back_buffer,
hires_bg_back_buffer	working/b4a/ps2vnc_framebuffer_tail.inc	964	hires_bg_back_buffer,
hires_bg_back_buffer	working/b4a/ps2vnc_framebuffer_tail.inc	965	(unsigned char *)hires_bg_back_buffer +
hires_bg_back_buffer	working/b4a/ps2vnc_framebuffer_tail.inc	987	if (hires_bg_back_buffer != NULL) {
hires_bg_back_buffer	working/b4a/ps2vnc_framebuffer_tail.inc	992	hires_bg_back_buffer,
hires_bg_back_buffer	working/b4a/ps2vnc_framebuffer_tail.inc	997	hires_bg_back_buffer,
hires_bg_back_buffer	working/b4a/ps2vnc_framebuffer_tail.inc	998	(unsigned char *)hires_bg_back_buffer + output_bytes);
hires_bg_back_buffer	working/b4a/ps2vnc_framebuffer_tail.inc	1003	live_direct_present_buffer = hires_bg_back_buffer;
hires_bg_back_buffer	working/b4a/ps2vnc_runtime_core.inc	272	unsigned short *hires_bg_back_buffer = NULL;
hires_bg_back_buffer	working/b4a/ps2vnc_services_imports.h	26	extern unsigned short *hires_bg_back_buffer;
hires_bg_buffer	working/b4a/ps2vnc_calibration_tail.inc	1270	unsigned short *front = hires_bg_buffer;
hires_bg_buffer	working/b4a/ps2vnc_calibration_tail.inc	1278	hires_bg_buffer = NULL;
hires_bg_buffer	working/b4a/ps2vnc_calibration_tail.inc	1438	if (hires_bg_buffer != NULL || hires_bg_back_buffer != NULL)
hires_bg_buffer	working/b4a/ps2vnc_calibration_tail.inc	1453	hires_bg_buffer = memalign(
hires_bg_buffer	working/b4a/ps2vnc_calibration_tail.inc	1455	if (hires_bg_buffer == NULL)
hires_bg_buffer	working/b4a/ps2vnc_calibration_tail.inc	1486	hires_bg_buffer,
hires_bg_buffer	working/b4a/ps2vnc_framebuffer_tail.inc	13	hires_bg_buffer == NULL ||
hires_bg_buffer	working/b4a/ps2vnc_framebuffer_tail.inc	20	old_front = hires_bg_buffer;
hires_bg_buffer	working/b4a/ps2vnc_framebuffer_tail.inc	28	* through hires_bg_buffer. Temporarily designate the hidden allocation as
hires_bg_buffer	working/b4a/ps2vnc_framebuffer_tail.inc	32	hires_bg_buffer = hidden;
hires_bg_buffer	working/b4a/ps2vnc_framebuffer_tail.inc	39	hires_bg_buffer = old_front;
hires_bg_buffer	working/b4a/ps2vnc_framebuffer_tail.inc	47	hires_bg_buffer = old_front;
hires_bg_buffer	working/b4a/ps2vnc_framebuffer_tail.inc	56	hires_bg_buffer = hidden;
hires_bg_buffer	working/b4a/ps2vnc_framebuffer_tail.inc	463	hires_bg_buffer == NULL ||
hires_bg_buffer	working/b4a/ps2vnc_framebuffer_tail.inc	480	old_front = hires_bg_buffer;
hires_bg_buffer	working/b4a/ps2vnc_framebuffer_tail.inc	508	hires_bg_buffer = hidden;
hires_bg_buffer	working/b4a/ps2vnc_framebuffer_tail.inc	604	old_front = hires_bg_buffer;
hires_bg_buffer	working/b4a/ps2vnc_framebuffer_tail.inc	605	hires_bg_buffer = live_direct_present_buffer;
hires_bg_buffer	working/b4a/ps2vnc_framebuffer_tail.inc	615	hires_bg_buffer) < 0) {
hires_bg_buffer	working/b4a/ps2vnc_framebuffer_tail.inc	725	if (hires_bg_buffer == NULL)
hires_bg_buffer	working/b4a/ps2vnc_framebuffer_tail.inc	754	hires_bg_buffer[i] = 0x8000;
hires_bg_buffer	working/b4a/ps2vnc_framebuffer_tail.inc	831	&hires_bg_buffer[
hires_bg_buffer	working/b4a/ps2vnc_framebuffer_tail.inc	860	&hires_bg_buffer[
hires_bg_buffer	working/b4a/ps2vnc_framebuffer_tail.inc	880	hires_bg_buffer,
hires_bg_buffer	working/b4a/ps2vnc_framebuffer_tail.inc	881	(unsigned char *)hires_bg_buffer + output_bytes
hires_bg_buffer	working/b4a/ps2vnc_framebuffer_tail.inc	885	bg_tex->Mem = (u32 *)hires_bg_buffer;
hires_bg_buffer	working/b4a/ps2vnc_framebuffer_tail.inc	945	if (hires_bg_buffer == NULL ||
hires_bg_buffer	working/b4a/ps2vnc_framebuffer_tail.inc	959	hires_bg_buffer,
hires_bg_buffer	working/b4a/ps2vnc_framebuffer_tail.inc	993	hires_bg_buffer,
hires_bg_buffer	working/b4a/ps2vnc_framebuffer_tail.inc	1064	if (hires_bg_buffer == NULL ||
hires_bg_buffer	working/b4a/ps2vnc_framebuffer_tail.inc	1130	&hires_bg_buffer[
hires_bg_buffer	working/b4a/ps2vnc_framebuffer_tail.inc	1156	&hires_bg_buffer[
hires_bg_buffer	working/b4a/ps2vnc_framebuffer_tail.inc	1163	&hires_bg_buffer[
hires_bg_buffer	working/b4a/ps2vnc_framebuffer_tail.inc	1180	&hires_bg_buffer[
hires_bg_buffer	working/b4a/ps2vnc_framebuffer_tail.inc	1204	&hires_bg_buffer[
hires_bg_buffer	working/b4a/ps2vnc_runtime_core.inc	271	unsigned short *hires_bg_buffer = NULL;
hires_bg_buffer	working/b4a/ps2vnc_services_imports.h	27	extern unsigned short *hires_bg_buffer;
hires_bg_configured	working/b4a/ps2vnc_calibration_tail.inc	1277	hires_bg_configured = 0;
hires_bg_configured	working/b4a/ps2vnc_calibration_tail.inc	1465	hires_bg_configured = 0;
hires_bg_configured	working/b4a/ps2vnc_framebuffer_tail.inc	15	!hires_bg_configured) {
hires_bg_configured	working/b4a/ps2vnc_framebuffer_tail.inc	29	* its destination. Because hires_bg_configured is already true, this call
hires_bg_configured	working/b4a/ps2vnc_framebuffer_tail.inc	465	!hires_bg_configured) {
hires_bg_configured	working/b4a/ps2vnc_framebuffer_tail.inc	745	if (hires_bg_configured &&
hires_bg_configured	working/b4a/ps2vnc_framebuffer_tail.inc	884	if (!hires_bg_configured) {
hires_bg_configured	working/b4a/ps2vnc_framebuffer_tail.inc	893	hires_bg_configured = 1;
hires_bg_configured	working/b4a/ps2vnc_framebuffer_tail.inc	1065	!hires_bg_configured)
hires_bg_configured	working/b4a/ps2vnc_runtime_core.inc	283	int hires_bg_configured = 0;
hires_bg_configured	working/b4a/ps2vnc_services_imports.h	28	extern int hires_bg_configured;
hires_bg_is_field_separated	working/b4a/ps2vnc_framebuffer_core.inc	1056	int hires_bg_is_field_separated(void)
hires_bg_is_field_separated	working/b4a/ps2vnc_framebuffer_core.inc	1064	if (!hires_bg_is_field_separated())
hires_bg_is_field_separated	working/b4a/ps2vnc_framebuffer_core_to_tail.h	11	extern int hires_bg_is_field_separated (void);
hires_bg_is_field_separated	working/b4a/ps2vnc_framebuffer_tail.inc	1120	if (hires_bg_is_field_separated()) {
hires_bg_storage_row	working/b4a/ps2vnc_framebuffer_core.inc	1062	unsigned int hires_bg_storage_row(unsigned int raster_y)
hires_bg_storage_row	working/b4a/ps2vnc_framebuffer_core.inc	1087	return hires_bg_storage_row(presentation_y);
hires_bg_storage_row	working/b4a/ps2vnc_framebuffer_core.inc	1124	hires_bg_storage_row(desktop_output_y + y) *
hires_bg_storage_row	working/b4a/ps2vnc_framebuffer_core.inc	1177	hires_bg_storage_row(desktop_output_y + y + row) *
hires_bg_storage_row	working/b4a/ps2vnc_framebuffer_core.inc	1223	hires_bg_storage_row(desktop_output_y + y) *
hires_bg_storage_row	working/b4a/ps2vnc_framebuffer_core_to_tail.h	12	extern unsigned int hires_bg_storage_row (unsigned int raster_y);
hires_bg_storage_row	working/b4a/ps2vnc_framebuffer_tail.inc	861	hires_bg_storage_row(desktop_output_y + row) *
hires_bg_storage_row	working/b4a/ps2vnc_framebuffer_tail.inc	1126	hires_bg_storage_row(desktop_output_y + y + row);
hires_bg_storage_row	working/b4a/ps2vnc_framebuffer_tail.inc	1164	hires_bg_storage_row(desktop_output_y + y + row) *
hires_bg_storage_row	working/b4a/ps2vnc_framebuffer_tail.inc	1205	hires_bg_storage_row(desktop_output_y + y + row) *
hires_bg_storage_row	working/b4a/ps2vnc_runtime_core.inc	286	static unsigned int hires_bg_storage_row(unsigned int raster_y);
hires_mapped_source_framebuffer	working/b4a/ps2vnc_calibration_tail.inc	1275	hires_mapped_source_framebuffer = NULL;
hires_mapped_source_framebuffer	working/b4a/ps2vnc_calibration_tail.inc	1467	hires_mapped_source_framebuffer =
hires_mapped_source_framebuffer	working/b4a/ps2vnc_framebuffer_tail.inc	546	if (hires_mapped_source_framebuffer == NULL) {
hires_mapped_source_framebuffer	working/b4a/ps2vnc_framebuffer_tail.inc	559	hires_mapped_source_framebuffer) < 0) {
hires_mapped_source_framebuffer	working/b4a/ps2vnc_runtime_core.inc	282	unsigned short *hires_mapped_source_framebuffer = NULL;
hires_mapped_source_framebuffer	working/b4a/ps2vnc_services_imports.h	29	extern unsigned short *hires_mapped_source_framebuffer;
live_direct_present_buffer	working/b4a/ps2vnc_calibration_tail.inc	1274	live_direct_present_buffer = NULL;
live_direct_present_buffer	working/b4a/ps2vnc_calibration_tail.inc	1479	live_direct_present_buffer = NULL;
live_direct_present_buffer	working/b4a/ps2vnc_calibration_tail.inc	1481	live_direct_present_buffer = hires_bg_back_buffer;
live_direct_present_buffer	working/b4a/ps2vnc_framebuffer_core.inc	1110	live_direct_present_buffer != NULL;
live_direct_present_buffer	working/b4a/ps2vnc_framebuffer_core.inc	1123	return &live_direct_present_buffer[
live_direct_present_buffer	working/b4a/ps2vnc_framebuffer_tail.inc	64	live_direct_present_buffer = NULL;
live_direct_present_buffer	working/b4a/ps2vnc_framebuffer_tail.inc	523	live_direct_present_buffer = NULL;
live_direct_present_buffer	working/b4a/ps2vnc_framebuffer_tail.inc	591	live_direct_present_buffer,
live_direct_present_buffer	working/b4a/ps2vnc_framebuffer_tail.inc	597	tex->Mem = (u32 *)live_direct_present_buffer;
live_direct_present_buffer	working/b4a/ps2vnc_framebuffer_tail.inc	605	hires_bg_buffer = live_direct_present_buffer;
live_direct_present_buffer	working/b4a/ps2vnc_framebuffer_tail.inc	607	live_direct_present_buffer = hires_bg_back_buffer;
live_direct_present_buffer	working/b4a/ps2vnc_framebuffer_tail.inc	614	live_direct_present_buffer,
live_direct_present_buffer	working/b4a/ps2vnc_framebuffer_tail.inc	970	live_direct_present_buffer = NULL;
live_direct_present_buffer	working/b4a/ps2vnc_framebuffer_tail.inc	1001	live_direct_present_buffer = NULL;
live_direct_present_buffer	working/b4a/ps2vnc_framebuffer_tail.inc	1003	live_direct_present_buffer = hires_bg_back_buffer;
live_direct_present_buffer	working/b4a/ps2vnc_runtime_core.inc	273	unsigned short *live_direct_present_buffer = NULL;
live_direct_present_buffer	working/b4a/ps2vnc_services_imports.h	30	extern unsigned short *live_direct_present_buffer;
live_direct_present_safe	working/b4a/ps2vnc_calibration_tail.inc	1273	live_direct_present_safe = 0;
live_direct_present_safe	working/b4a/ps2vnc_calibration_tail.inc	1478	live_direct_present_safe = 0;
live_direct_present_safe	working/b4a/ps2vnc_framebuffer_core.inc	1109	live_direct_present_safe &&
live_direct_present_safe	working/b4a/ps2vnc_framebuffer_core.inc	1130	live_direct_present_safe = 0;
live_direct_present_safe	working/b4a/ps2vnc_framebuffer_core.inc	1139	live_direct_present_safe = 1;
live_direct_present_safe	working/b4a/ps2vnc_framebuffer_core.inc	1146	int direct_complete = live_direct_present_safe;
live_direct_present_safe	working/b4a/ps2vnc_framebuffer_tail.inc	63	live_direct_present_safe = 0;
live_direct_present_safe	working/b4a/ps2vnc_framebuffer_tail.inc	522	live_direct_present_safe = 0;
live_direct_present_safe	working/b4a/ps2vnc_framebuffer_tail.inc	969	live_direct_present_safe = 0;
live_direct_present_safe	working/b4a/ps2vnc_runtime_core.inc	284	int live_direct_present_safe = 0;
live_direct_present_safe	working/b4a/ps2vnc_services_imports.h	31	extern int live_direct_present_safe;
osk_display_char	working/b4a/ps2vnc_runtime_tail.inc	1573	* Forward declaration: osk_display_char() uses this before its full
osk_display_char	working/b4a/ps2vnc_runtime_tail.inc	1578	char osk_display_char(int row, int col)
osk_display_char	working/b4a/ps2vnc_runtime_tail.inc	1676	osk_display_char(row, col);
osk_display_char	working/b4a/ps2vnc_runtime_to_ui_display.h	454	extern char osk_display_char (int row, int col);
osk_display_char	working/b4a/ps2vnc_ui_core.inc	1063	osk_display_char(
probe_extended_desktop_size	working/b4a/ps2vnc_calibration_core.inc	556	probe_extended_desktop_size(
probe_extended_desktop_size	working/b4a/ps2vnc_framebuffer_core.inc	970	int probe_extended_desktop_size(
probe_extended_desktop_size	working/b4a/ps2vnc_management_core.inc	183	probe_extended_desktop_size(
probe_extended_desktop_size	working/b4a/ps2vnc_management_core.inc	334	probe_extended_desktop_size(
probe_extended_desktop_size	working/b4a/ps2vnc_management_core.inc	541	probe_extended_desktop_size(
probe_extended_desktop_size	working/b4a/ps2vnc_services_imports.h	64	int probe_extended_desktop_size( int sock, unsigned short *rfb_framebuffer, unsigned short *gs_framebuffer);
profile_present_sync_ticks	working/b4a/ps2vnc_display_tail.inc	1117	profile_present_sync_ticks += GetTimerSystemTime() - t0;
profile_present_sync_ticks	working/b4a/ps2vnc_runtime_core.inc	701	u64 profile_present_sync_ticks = 0;
profile_present_sync_ticks	working/b4a/ps2vnc_runtime_core_to_tail.h	195	extern u64 profile_present_sync_ticks ;
profile_present_sync_ticks	working/b4a/ps2vnc_runtime_tail.inc	329	profile_ticks_us(profile_present_sync_ticks),
profile_present_sync_ticks	working/b4a/ps2vnc_runtime_tail.inc	345	profile_present_sync_ticks = 0;
profile_present_sync_ticks	working/b4a/ps2vnc_runtime_to_ui_display.h	386	extern u64 profile_present_sync_ticks ;
ps2vnc_backend_from_transaction_name	working/b4a/ps2vnc_management_core.inc	1519	ps2vnc_backend_t ps2vnc_backend_from_transaction_name(
ps2vnc_backend_from_transaction_name	working/b4a/ps2vnc_management_core_to_tail.h	26	extern ps2vnc_backend_t ps2vnc_backend_from_transaction_name(
ps2vnc_backend_from_transaction_name	working/b4a/ps2vnc_management_tail.inc	1540	ps2vnc_backend_from_transaction_name(value);
ps2vnc_backend_transaction_name	working/b4a/ps2vnc_calibration_core.inc	1285	ps2vnc_backend_transaction_name(target->backend));
ps2vnc_backend_transaction_name	working/b4a/ps2vnc_management_core.inc	1506	const char *ps2vnc_backend_transaction_name(
ps2vnc_backend_transaction_name	working/b4a/ps2vnc_management_core_to_tail.h	23	extern const char *ps2vnc_backend_transaction_name(
ps2vnc_backend_transaction_name	working/b4a/ps2vnc_management_tail.inc	17	if (ps2vnc_backend_transaction_name(
ps2vnc_backend_transaction_name	working/b4a/ps2vnc_management_tail.inc	272	ps2vnc_backend_transaction_name(previous->backend);
ps2vnc_backend_transaction_name	working/b4a/ps2vnc_management_tail.inc	274	ps2vnc_backend_transaction_name(candidate->backend);
ps2vnc_config_apply_display	working/b4a/ps2vnc_calibration_core.inc	1247	if (!ps2vnc_config_apply_display(&target_config)) {
ps2vnc_config_apply_display	working/b4a/ps2vnc_calibration_core.inc	1431	if (!ps2vnc_config_apply_display(
ps2vnc_config_apply_display	working/b4a/ps2vnc_display_tail.inc	805	if (!ps2vnc_config_apply_display(&target_config) ||
ps2vnc_config_apply_display	working/b4a/ps2vnc_management_core.inc	1398	int ps2vnc_config_apply_display(
ps2vnc_config_apply_display	working/b4a/ps2vnc_management_core.inc	1441	*     ps2vnc_config_apply_display() -> screen_fit_apply_preset()
ps2vnc_config_apply_display	working/b4a/ps2vnc_services_exports.h	17	int ps2vnc_config_apply_display( const ps2vnc_display_config_t *config);
ps2vnc_config_get_display_for_mode	working/b4a/ps2vnc_calibration_core.inc	993	int ps2vnc_config_get_display_for_mode(
ps2vnc_config_get_display_for_mode	working/b4a/ps2vnc_calibration_core.inc	1205	if (!ps2vnc_config_get_display_for_mode(
ps2vnc_config_get_display_for_mode	working/b4a/ps2vnc_display_tail.inc	587	!ps2vnc_config_get_display_for_mode(
ps2vnc_config_get_display_for_mode	working/b4a/ps2vnc_services_exports.h	18	int ps2vnc_config_get_display_for_mode( const ps2vnc_video_mode_t *mode, ps2vnc_display_config_t *out_config);
ps2vnc_config_parse_display_for_mode	working/b4a/ps2vnc_calibration_core.inc	1015	result = ps2vnc_config_parse_display_for_mode(
ps2vnc_config_parse_display_for_mode	working/b4a/ps2vnc_calibration_core.inc	1383	ps2vnc_config_parse_display_for_mode(
ps2vnc_config_parse_display_for_mode	working/b4a/ps2vnc_management_core.inc	1342	static int ps2vnc_config_parse_display_for_mode(
ps2vnc_config_parse_display_section	working/b4a/ps2vnc_management_core.inc	985	static int ps2vnc_config_parse_display_section(
ps2vnc_config_parse_display_section	working/b4a/ps2vnc_management_core.inc	1368	result = ps2vnc_config_parse_display_section(
ps2vnc_config_parse_display_section	working/b4a/ps2vnc_management_core.inc	1384	return ps2vnc_config_parse_display_section(
ps2vnc_config_presented_geometry_for_mode	working/b4a/ps2vnc_calibration_core.inc	1030	int ps2vnc_config_presented_geometry_for_mode(
ps2vnc_config_presented_geometry_for_mode	working/b4a/ps2vnc_calibration_core.inc	1213	if (ps2vnc_config_presented_geometry_for_mode(
ps2vnc_config_presented_geometry_for_mode	working/b4a/ps2vnc_calibration_core.inc	1446	if (ps2vnc_config_presented_geometry_for_mode(
ps2vnc_config_presented_geometry_for_mode	working/b4a/ps2vnc_display_tail.inc	589	ps2vnc_config_presented_geometry_for_mode(
ps2vnc_config_presented_geometry_for_mode	working/b4a/ps2vnc_services_exports.h	20	int ps2vnc_config_presented_geometry_for_mode( const ps2vnc_video_mode_t *mode, const ps2vnc_display_config_t *config, unsigned int *out_x, unsigned int *out_y, unsigned int *out_w, unsigned int *out_h);
ps2vnc_display_begin_update	working/b4a/ps2vnc_display_tail.inc	1235	if (ps2vnc_display_begin_update() < 0)
ps2vnc_display_begin_update	working/b4a/ps2vnc_framebuffer_core.inc	104	int ps2vnc_display_begin_update(void);
ps2vnc_display_begin_update	working/b4a/ps2vnc_framebuffer_core.inc	1133	int ps2vnc_display_begin_update(void)
ps2vnc_display_begin_update	working/b4a/ps2vnc_runtime_to_ui_display.h	464	extern int ps2vnc_display_begin_update (void);
ps2vnc_display_commit_update	working/b4a/ps2vnc_display_tail.inc	1438	if (ps2vnc_display_commit_update(
ps2vnc_display_commit_update	working/b4a/ps2vnc_framebuffer_tail.inc	677	int ps2vnc_display_commit_update(
ps2vnc_display_commit_update	working/b4a/ps2vnc_runtime_to_ui_display.h	466	extern int ps2vnc_display_commit_update (GSGLOBAL *gsGlobal, GSTEXTURE *tex, int direct_present_complete);
ps2vnc_display_config_loaded	working/b4a/ps2vnc_calibration_core.inc	1309	ps2vnc_display_config_loaded = 0;
ps2vnc_display_config_loaded	working/b4a/ps2vnc_calibration_core.inc	1467	ps2vnc_display_config_loaded = 1;
ps2vnc_display_config_loaded	working/b4a/ps2vnc_calibration_core.inc	1511	ps2vnc_display_config_loaded,
ps2vnc_display_config_loaded	working/b4a/ps2vnc_calibration_tail.inc	443	if (ps2vnc_display_config_loaded) {
ps2vnc_display_config_loaded	working/b4a/ps2vnc_display_tail.inc	49	if (!ps2vnc_display_config_loaded ||
ps2vnc_display_config_loaded	working/b4a/ps2vnc_management_core.inc	1444	int ps2vnc_display_config_loaded = 0;
ps2vnc_display_config_loaded	working/b4a/ps2vnc_services_exports.h	6	extern int ps2vnc_display_config_loaded;
ps2vnc_display_create	working/b4a/ps2vnc_calibration_tail.inc	1245	GSGLOBAL *ps2vnc_display_create(void)
ps2vnc_display_create	working/b4a/ps2vnc_display_core.inc	55	*display = ps2vnc_display_create();
ps2vnc_display_create	working/b4a/ps2vnc_display_tail.inc	38	gsGlobal = ps2vnc_display_create();
ps2vnc_display_create	working/b4a/ps2vnc_services_exports.h	23	GSGLOBAL *ps2vnc_display_create(void);
ps2vnc_display_create	working/b4a/ps2vnc_services_exports.h	57	GSGLOBAL *ps2vnc_display_create(void);
ps2vnc_display_destroy	working/b4a/ps2vnc_calibration_tail.inc	1410	int ps2vnc_display_destroy(GSGLOBAL **display)
ps2vnc_display_destroy	working/b4a/ps2vnc_display_core.inc	47	if (ps2vnc_display_destroy(display) < 0)
ps2vnc_display_destroy	working/b4a/ps2vnc_services_exports.h	24	int ps2vnc_display_destroy(GSGLOBAL **display);
ps2vnc_display_direct_write_cancel	working/b4a/ps2vnc_calibration_tail.inc	1051	ps2vnc_display_direct_write_cancel();
ps2vnc_display_direct_write_cancel	working/b4a/ps2vnc_display_core.inc	45	ps2vnc_display_direct_write_cancel();
ps2vnc_display_direct_write_cancel	working/b4a/ps2vnc_display_tail.inc	1275	ps2vnc_display_direct_write_cancel();
ps2vnc_display_direct_write_cancel	working/b4a/ps2vnc_framebuffer_core.inc	103	void ps2vnc_display_direct_write_cancel(void);
ps2vnc_display_direct_write_cancel	working/b4a/ps2vnc_framebuffer_core.inc	865	ps2vnc_display_direct_write_cancel();
ps2vnc_display_direct_write_cancel	working/b4a/ps2vnc_framebuffer_core.inc	870	ps2vnc_display_direct_write_cancel();
ps2vnc_display_direct_write_cancel	working/b4a/ps2vnc_framebuffer_core.inc	1128	void ps2vnc_display_direct_write_cancel(void)
ps2vnc_display_direct_write_cancel	working/b4a/ps2vnc_framebuffer_core.inc	1135	ps2vnc_display_direct_write_cancel();
ps2vnc_display_direct_write_cancel	working/b4a/ps2vnc_framebuffer_core.inc	1148	ps2vnc_display_direct_write_cancel();
ps2vnc_display_direct_write_cancel	working/b4a/ps2vnc_services_imports.h	66	void ps2vnc_display_direct_write_cancel(void);
ps2vnc_display_direct_write_row	working/b4a/ps2vnc_framebuffer_core.inc	100	static unsigned short *ps2vnc_display_direct_write_row(
ps2vnc_display_direct_write_row	working/b4a/ps2vnc_framebuffer_core.inc	123	direct_row = ps2vnc_display_direct_write_row(
ps2vnc_display_direct_write_row	working/b4a/ps2vnc_framebuffer_core.inc	175	direct_row = ps2vnc_display_direct_write_row(
ps2vnc_display_direct_write_row	working/b4a/ps2vnc_framebuffer_core.inc	1113	static unsigned short *ps2vnc_display_direct_write_row(
ps2vnc_display_draw_desktop	working/b4a/ps2vnc_calibration_tail.inc	1567	int ps2vnc_display_draw_desktop(
ps2vnc_display_draw_desktop	working/b4a/ps2vnc_display_core.inc	333	if (ps2vnc_display_draw_desktop(
ps2vnc_display_draw_desktop	working/b4a/ps2vnc_display_tail.inc	937	if (ps2vnc_display_draw_desktop(
ps2vnc_display_draw_desktop	working/b4a/ps2vnc_services_exports.h	25	int ps2vnc_display_draw_desktop( GSGLOBAL *gsGlobal, GSTEXTURE *tex, u64 clear_color, u64 tex_color);
ps2vnc_display_finish_draw	working/b4a/ps2vnc_calibration_tail.inc	399	if (ps2vnc_display_finish_draw(gsGlobal) < 0)
ps2vnc_display_finish_draw	working/b4a/ps2vnc_calibration_tail.inc	1368	int ps2vnc_display_finish_draw(GSGLOBAL *gsGlobal)
ps2vnc_display_finish_draw	working/b4a/ps2vnc_display_core.inc	343	if (ps2vnc_display_finish_draw(*display) < 0) {
ps2vnc_display_finish_draw	working/b4a/ps2vnc_display_tail.inc	1114	if (ps2vnc_display_finish_draw(gsGlobal) < 0)
ps2vnc_display_finish_draw	working/b4a/ps2vnc_framebuffer_tail.inc	1233	int ps2vnc_display_finish_draw(GSGLOBAL *gsGlobal);
ps2vnc_display_finish_draw	working/b4a/ps2vnc_management_core.inc	100	if (ps2vnc_display_finish_draw(gsGlobal) < 0)
ps2vnc_display_finish_draw	working/b4a/ps2vnc_services_exports.h	26	int ps2vnc_display_finish_draw(GSGLOBAL *gsGlobal);
ps2vnc_display_finish_update_decode	working/b4a/ps2vnc_display_tail.inc	1286	ps2vnc_display_finish_update_decode();
ps2vnc_display_finish_update_decode	working/b4a/ps2vnc_framebuffer_core.inc	105	int ps2vnc_display_finish_update_decode(void);
ps2vnc_display_finish_update_decode	working/b4a/ps2vnc_framebuffer_core.inc	1144	int ps2vnc_display_finish_update_decode(void)
ps2vnc_display_finish_update_decode	working/b4a/ps2vnc_runtime_to_ui_display.h	468	extern int ps2vnc_display_finish_update_decode (void);
ps2vnc_display_flip	working/b4a/ps2vnc_calibration_tail.inc	402	if (ps2vnc_display_flip(gsGlobal) < 0)
ps2vnc_display_flip	working/b4a/ps2vnc_calibration_tail.inc	1392	int ps2vnc_display_flip(GSGLOBAL *gsGlobal)
ps2vnc_display_flip	working/b4a/ps2vnc_display_core.inc	349	if (ps2vnc_display_flip(*display) < 0) {
ps2vnc_display_flip	working/b4a/ps2vnc_display_tail.inc	1125	if (ps2vnc_display_flip(gsGlobal) < 0)
ps2vnc_display_flip	working/b4a/ps2vnc_framebuffer_tail.inc	1234	int ps2vnc_display_flip(GSGLOBAL *gsGlobal);
ps2vnc_display_flip	working/b4a/ps2vnc_management_core.inc	103	if (ps2vnc_display_flip(gsGlobal) < 0)
ps2vnc_display_flip	working/b4a/ps2vnc_services_exports.h	27	int ps2vnc_display_flip(GSGLOBAL *gsGlobal);
ps2vnc_display_logical_desktop_size	working/b4a/ps2vnc_display_core.inc	72	if (ps2vnc_display_logical_desktop_size(
ps2vnc_display_logical_desktop_size	working/b4a/ps2vnc_display_tail.inc	94	if (ps2vnc_display_logical_desktop_size(
ps2vnc_display_logical_desktop_size	working/b4a/ps2vnc_runtime_core.inc	193	int ps2vnc_display_logical_desktop_size(
ps2vnc_display_logical_desktop_size	working/b4a/ps2vnc_runtime_to_ui_display.h	470	extern int ps2vnc_display_logical_desktop_size (unsigned int output_width, unsigned int output_height, unsigned int *width, unsigned int *height);
ps2vnc_display_output_x	working/b4a/ps2vnc_calibration_core.inc	1593	return ps2vnc_display_output_x((float)x);
ps2vnc_display_output_x	working/b4a/ps2vnc_calibration_tail.inc	1589	x0 = ps2vnc_display_output_x((float)desktop_output_x);
ps2vnc_display_output_x	working/b4a/ps2vnc_calibration_tail.inc	1592	x1 = ps2vnc_display_output_x(
ps2vnc_display_output_x	working/b4a/ps2vnc_display_tail.inc	1085	ps2vnc_display_output_x(dst_x0),
ps2vnc_display_output_x	working/b4a/ps2vnc_display_tail.inc	1088	ps2vnc_display_output_x(dst_x1),
ps2vnc_display_output_x	working/b4a/ps2vnc_management_core.inc	85	ps2vnc_display_output_x(((float)OUTPUT_WIDTH - OSK_WIDTH) / 2.0f),
ps2vnc_display_output_x	working/b4a/ps2vnc_management_core.inc	88	ps2vnc_display_output_x(((float)OUTPUT_WIDTH + OSK_WIDTH) / 2.0f),
ps2vnc_display_output_x	working/b4a/ps2vnc_runtime_core.inc	219	float ps2vnc_display_output_x(float x)
ps2vnc_display_output_x	working/b4a/ps2vnc_services_imports.h	67	float ps2vnc_display_output_x(float x);
ps2vnc_display_output_y	working/b4a/ps2vnc_calibration_core.inc	1598	return ps2vnc_display_output_y((float)y);
ps2vnc_display_output_y	working/b4a/ps2vnc_calibration_tail.inc	1590	y0 = ps2vnc_display_output_y((float)desktop_output_y);
ps2vnc_display_output_y	working/b4a/ps2vnc_calibration_tail.inc	1594	y1 = ps2vnc_display_output_y(
ps2vnc_display_output_y	working/b4a/ps2vnc_display_tail.inc	1086	ps2vnc_display_output_y(dst_y0),
ps2vnc_display_output_y	working/b4a/ps2vnc_display_tail.inc	1089	ps2vnc_display_output_y(dst_y1),
ps2vnc_display_output_y	working/b4a/ps2vnc_management_core.inc	86	ps2vnc_display_output_y(((float)OUTPUT_HEIGHT - OSK_HEIGHT) / 2.0f),
ps2vnc_display_output_y	working/b4a/ps2vnc_management_core.inc	89	ps2vnc_display_output_y(((float)OUTPUT_HEIGHT + OSK_HEIGHT) / 2.0f),
ps2vnc_display_output_y	working/b4a/ps2vnc_runtime_core.inc	236	float ps2vnc_display_output_y(float y)
ps2vnc_display_output_y	working/b4a/ps2vnc_services_imports.h	68	float ps2vnc_display_output_y(float y);
ps2vnc_display_policy_hide_to_pi	working/b4a/ps2vnc_display_tail.inc	340	ps2vnc_display_policy_hide_to_pi(
ps2vnc_display_policy_hide_to_pi	working/b4a/ps2vnc_management_tail.inc	1382	int ps2vnc_display_policy_hide_to_pi(
ps2vnc_display_policy_hide_to_pi	working/b4a/ps2vnc_services_exports.h	28	int ps2vnc_display_policy_hide_to_pi( int hide_locked);
ps2vnc_display_policy_lock_to_pi	working/b4a/ps2vnc_display_tail.inc	325	ps2vnc_display_policy_lock_to_pi(
ps2vnc_display_policy_lock_to_pi	working/b4a/ps2vnc_management_tail.inc	1347	int ps2vnc_display_policy_lock_to_pi(
ps2vnc_display_policy_lock_to_pi	working/b4a/ps2vnc_services_exports.h	29	int ps2vnc_display_policy_lock_to_pi( int selection, int locked);
ps2vnc_display_policy_refresh_from_pi	working/b4a/ps2vnc_display_tail.inc	311	ps2vnc_display_policy_refresh_from_pi();
ps2vnc_display_policy_refresh_from_pi	working/b4a/ps2vnc_management_tail.inc	1285	int ps2vnc_display_policy_refresh_from_pi(void)
ps2vnc_display_policy_refresh_from_pi	working/b4a/ps2vnc_services_exports.h	30	int ps2vnc_display_policy_refresh_from_pi(void);
ps2vnc_display_prepare_desktop	working/b4a/ps2vnc_calibration_tail.inc	1541	int ps2vnc_display_prepare_desktop(
ps2vnc_display_prepare_desktop	working/b4a/ps2vnc_display_core.inc	131	if (ps2vnc_display_prepare_desktop(
ps2vnc_display_prepare_desktop	working/b4a/ps2vnc_display_tail.inc	153	if (ps2vnc_display_prepare_desktop(
ps2vnc_display_prepare_desktop	working/b4a/ps2vnc_services_exports.h	31	int ps2vnc_display_prepare_desktop( GSGLOBAL *gsGlobal, GSTEXTURE *tex, unsigned short *gs_framebuffer);
ps2vnc_display_prepare_osk	working/b4a/ps2vnc_calibration_tail.inc	1613	void ps2vnc_display_prepare_osk(
ps2vnc_display_prepare_osk	working/b4a/ps2vnc_display_core.inc	140	ps2vnc_display_prepare_osk(*display, osk_tex);
ps2vnc_display_prepare_osk	working/b4a/ps2vnc_display_tail.inc	164	ps2vnc_display_prepare_osk(gsGlobal, &osk_tex);
ps2vnc_display_prepare_osk	working/b4a/ps2vnc_services_exports.h	32	void ps2vnc_display_prepare_osk( GSGLOBAL *gsGlobal, GSTEXTURE *osk_tex);
ps2vnc_display_profile_capture_active	working/b4a/ps2vnc_display_core.inc	614	if (ps2vnc_display_profile_capture_active(
ps2vnc_display_profile_capture_active	working/b4a/ps2vnc_display_tail.inc	616	if (ps2vnc_display_profile_capture_active(
ps2vnc_display_profile_capture_active	working/b4a/ps2vnc_management_tail.inc	63	int ps2vnc_display_profile_capture_active(
ps2vnc_display_profile_capture_active	working/b4a/ps2vnc_services_exports.h	33	int ps2vnc_display_profile_capture_active( ps2vnc_display_profile_t *profile);
ps2vnc_display_profile_resolve_candidate	working/b4a/ps2vnc_calibration_core.inc	1220	ps2vnc_display_profile_resolve_candidate(
ps2vnc_display_profile_resolve_candidate	working/b4a/ps2vnc_calibration_core.inc	1453	ps2vnc_display_profile_resolve_candidate(
ps2vnc_display_profile_resolve_candidate	working/b4a/ps2vnc_display_tail.inc	618	ps2vnc_display_profile_resolve_candidate(
ps2vnc_display_profile_resolve_candidate	working/b4a/ps2vnc_management_tail.inc	92	int ps2vnc_display_profile_resolve_candidate(
ps2vnc_display_profile_resolve_candidate	working/b4a/ps2vnc_services_exports.h	34	int ps2vnc_display_profile_resolve_candidate( const ps2vnc_video_mode_t *mode, unsigned int out_x, unsigned int out_y, unsigned int out_w, unsigned int out_h, ps2vnc_display_profile_t *profile);
ps2vnc_display_profile_valid	working/b4a/ps2vnc_calibration_core.inc	284	!ps2vnc_display_profile_valid(source))
ps2vnc_display_profile_valid	working/b4a/ps2vnc_calibration_core.inc	1152	if (!ps2vnc_display_profile_valid(target)) {
ps2vnc_display_profile_valid	working/b4a/ps2vnc_management_tail.inc	1	int ps2vnc_display_profile_valid(
ps2vnc_display_profile_valid	working/b4a/ps2vnc_management_tail.inc	82	return ps2vnc_display_profile_valid(profile) ? 0 : -1;
ps2vnc_display_profile_valid	working/b4a/ps2vnc_management_tail.inc	130	return ps2vnc_display_profile_valid(profile) ? 0 : -1;
ps2vnc_display_profile_valid	working/b4a/ps2vnc_management_tail.inc	257	if (!ps2vnc_display_profile_valid(previous) ||
ps2vnc_display_profile_valid	working/b4a/ps2vnc_management_tail.inc	258	!ps2vnc_display_profile_valid(candidate))
ps2vnc_display_profile_valid	working/b4a/ps2vnc_management_tail.inc	1568	return ps2vnc_display_profile_valid(profile) ? 0 : -1;
ps2vnc_display_profile_valid	working/b4a/ps2vnc_management_tail_to_services.h	11	extern int ps2vnc_display_profile_valid(
ps2vnc_display_publish_full_desktop	working/b4a/ps2vnc_calibration_tail.inc	949	if (ps2vnc_display_publish_full_desktop(
ps2vnc_display_publish_full_desktop	working/b4a/ps2vnc_framebuffer_tail.inc	1036	int ps2vnc_display_publish_full_desktop(
ps2vnc_display_publish_full_desktop	working/b4a/ps2vnc_management_core.inc	375	if (ps2vnc_display_publish_full_desktop(
ps2vnc_display_publish_full_desktop	working/b4a/ps2vnc_services_imports.h	69	int ps2vnc_display_publish_full_desktop( GSGLOBAL *gsGlobal, GSTEXTURE *tex, unsigned short *gs_framebuffer);
ps2vnc_display_release_ee_buffers	working/b4a/ps2vnc_calibration_tail.inc	1268	static void ps2vnc_display_release_ee_buffers(void)
ps2vnc_display_release_ee_buffers	working/b4a/ps2vnc_calibration_tail.inc	1294	ps2vnc_display_release_ee_buffers();
ps2vnc_display_release_ee_buffers	working/b4a/ps2vnc_calibration_tail.inc	1461	ps2vnc_display_release_ee_buffers();
ps2vnc_display_release_ee_buffers	working/b4a/ps2vnc_calibration_tail.inc	1473	ps2vnc_display_release_ee_buffers();
ps2vnc_display_save_to_pi	working/b4a/ps2vnc_calibration_core.inc	796	int ps2vnc_display_save_to_pi(
ps2vnc_display_save_to_pi	working/b4a/ps2vnc_calibration_core_to_tail.h	22	extern int ps2vnc_display_save_to_pi (int width, int height, int offset_x, int offset_y);
ps2vnc_display_save_to_pi	working/b4a/ps2vnc_calibration_tail.inc	543	if (ps2vnc_display_save_to_pi(
ps2vnc_display_save_to_pi	working/b4a/ps2vnc_calibration_tail.inc	1102	if (ps2vnc_display_save_to_pi(
ps2vnc_display_transaction_ack_to_pi	working/b4a/ps2vnc_display_core.inc	1186	if (ps2vnc_display_transaction_ack_to_pi() < 0) {
ps2vnc_display_transaction_ack_to_pi	working/b4a/ps2vnc_display_tail.inc	253	if (ps2vnc_display_transaction_ack_to_pi() < 0) {
ps2vnc_display_transaction_ack_to_pi	working/b4a/ps2vnc_management_tail.inc	354	int ps2vnc_display_transaction_ack_to_pi(void)
ps2vnc_display_transaction_ack_to_pi	working/b4a/ps2vnc_services_exports.h	35	int ps2vnc_display_transaction_ack_to_pi(void);
ps2vnc_display_transaction_begin_to_pi	working/b4a/ps2vnc_display_tail.inc	663	if (ps2vnc_display_transaction_begin_to_pi(
ps2vnc_display_transaction_begin_to_pi	working/b4a/ps2vnc_management_tail.inc	248	int ps2vnc_display_transaction_begin_to_pi(
ps2vnc_display_transaction_begin_to_pi	working/b4a/ps2vnc_services_exports.h	36	int ps2vnc_display_transaction_begin_to_pi( const ps2vnc_display_profile_t *previous, const ps2vnc_display_profile_t *candidate);
ps2vnc_display_transaction_commit_to_pi	working/b4a/ps2vnc_display_core.inc	651	if (ps2vnc_display_transaction_commit_to_pi() < 0) {
ps2vnc_display_transaction_commit_to_pi	working/b4a/ps2vnc_display_tail.inc	433	if (ps2vnc_display_transaction_commit_to_pi() < 0) {
ps2vnc_display_transaction_commit_to_pi	working/b4a/ps2vnc_management_tail.inc	327	int ps2vnc_display_transaction_commit_to_pi(void)
ps2vnc_display_transaction_commit_to_pi	working/b4a/ps2vnc_services_exports.h	37	int ps2vnc_display_transaction_commit_to_pi(void);
ps2vnc_display_transaction_restore_to_pi	working/b4a/ps2vnc_calibration_core.inc	370	if (ps2vnc_display_transaction_restore_to_pi() < 0) {
ps2vnc_display_transaction_restore_to_pi	working/b4a/ps2vnc_display_core.inc	1130	ps2vnc_display_transaction_restore_to_pi() == 0;
ps2vnc_display_transaction_restore_to_pi	working/b4a/ps2vnc_management_tail.inc	336	int ps2vnc_display_transaction_restore_to_pi(void)
ps2vnc_display_transaction_restore_to_pi	working/b4a/ps2vnc_services_exports.h	38	int ps2vnc_display_transaction_restore_to_pi(void);
ps2vnc_display_transaction_restored_to_pi	working/b4a/ps2vnc_display_core.inc	690	if (ps2vnc_display_transaction_restored_to_pi() < 0) {
ps2vnc_display_transaction_restored_to_pi	working/b4a/ps2vnc_display_core.inc	1167	if (ps2vnc_display_transaction_restored_to_pi() < 0) {
ps2vnc_display_transaction_restored_to_pi	working/b4a/ps2vnc_management_tail.inc	345	int ps2vnc_display_transaction_restored_to_pi(void)
ps2vnc_display_transaction_restored_to_pi	working/b4a/ps2vnc_services_exports.h	39	int ps2vnc_display_transaction_restored_to_pi(void);
ps2vnc_display_transaction_startup_preflight	working/b4a/ps2vnc_calibration_core.inc	294	int ps2vnc_display_transaction_startup_preflight(void)
ps2vnc_display_transaction_startup_preflight	working/b4a/ps2vnc_display_tail.inc	1603	if (ps2vnc_display_transaction_startup_preflight() < 0) {
ps2vnc_display_transaction_startup_preflight	working/b4a/ps2vnc_services_exports.h	40	int ps2vnc_display_transaction_startup_preflight(void);
ps2vnc_display_tx_parse_profile	working/b4a/ps2vnc_calibration_core.inc	55	if (ps2vnc_display_tx_parse_profile(
ps2vnc_display_tx_parse_profile	working/b4a/ps2vnc_calibration_core.inc	62	if (ps2vnc_display_tx_parse_profile(
ps2vnc_display_tx_parse_profile	working/b4a/ps2vnc_management_tail.inc	1511	int ps2vnc_display_tx_parse_profile(
ps2vnc_display_tx_parse_profile	working/b4a/ps2vnc_management_tail_to_services.h	26	extern int ps2vnc_display_tx_parse_profile(
ps2vnc_display_tx_profiles_equal	working/b4a/ps2vnc_calibration_core.inc	76	if (ps2vnc_display_tx_profiles_equal(
ps2vnc_display_tx_profiles_equal	working/b4a/ps2vnc_calibration_core.inc	209	!ps2vnc_display_tx_profiles_equal(
ps2vnc_display_tx_profiles_equal	working/b4a/ps2vnc_calibration_core.inc	212	!ps2vnc_display_tx_profiles_equal(
ps2vnc_display_tx_profiles_equal	working/b4a/ps2vnc_calibration_core.inc	234	!ps2vnc_display_tx_profiles_equal(
ps2vnc_display_tx_profiles_equal	working/b4a/ps2vnc_calibration_core.inc	251	!ps2vnc_display_tx_profiles_equal(
ps2vnc_display_tx_profiles_equal	working/b4a/ps2vnc_calibration_core.inc	267	!ps2vnc_display_tx_profiles_equal(
ps2vnc_display_tx_profiles_equal	working/b4a/ps2vnc_calibration_core.inc	1190	!ps2vnc_display_tx_profiles_equal(
ps2vnc_display_tx_profiles_equal	working/b4a/ps2vnc_calibration_core.inc	1197	!ps2vnc_display_tx_profiles_equal(
ps2vnc_display_tx_profiles_equal	working/b4a/ps2vnc_calibration_core.inc	1232	if (!ps2vnc_display_tx_profiles_equal(
ps2vnc_display_tx_profiles_equal	working/b4a/ps2vnc_display_core.inc	616	!ps2vnc_display_tx_profiles_equal(
ps2vnc_display_tx_profiles_equal	working/b4a/ps2vnc_management_tail.inc	1572	int ps2vnc_display_tx_profiles_equal(
ps2vnc_display_tx_profiles_equal	working/b4a/ps2vnc_services_exports.h	41	int ps2vnc_display_tx_profiles_equal( const ps2vnc_display_profile_t *a, const ps2vnc_display_profile_t *b);
ps2vnc_display_tx_take_line	working/b4a/ps2vnc_calibration_core.inc	35	if (!ps2vnc_display_tx_take_line(
ps2vnc_display_tx_take_line	working/b4a/ps2vnc_calibration_core.inc	40	if (!ps2vnc_display_tx_take_line(
ps2vnc_display_tx_take_line	working/b4a/ps2vnc_management_tail.inc	1415	int ps2vnc_display_tx_take_line(
ps2vnc_display_tx_take_line	working/b4a/ps2vnc_management_tail.inc	1503	return ps2vnc_display_tx_take_line(
ps2vnc_display_tx_take_line	working/b4a/ps2vnc_management_tail_to_services.h	20	extern int ps2vnc_display_tx_take_line(
ps2vnc_display_wait_presentation_memory_idle	working/b4a/ps2vnc_calibration_tail.inc	1053	if (ps2vnc_display_wait_presentation_memory_idle(
ps2vnc_display_wait_presentation_memory_idle	working/b4a/ps2vnc_calibration_tail.inc	1314	int ps2vnc_display_wait_presentation_memory_idle(
ps2vnc_display_wait_presentation_memory_idle	working/b4a/ps2vnc_display_tail.inc	1146	if (ps2vnc_display_wait_presentation_memory_idle(
ps2vnc_display_wait_presentation_memory_idle	working/b4a/ps2vnc_framebuffer_tail.inc	446	int ps2vnc_display_wait_presentation_memory_idle(
ps2vnc_display_wait_presentation_memory_idle	working/b4a/ps2vnc_framebuffer_tail.inc	700	int ps2vnc_display_wait_presentation_memory_idle(
ps2vnc_display_wait_presentation_memory_idle	working/b4a/ps2vnc_framebuffer_tail.inc	746	ps2vnc_display_wait_presentation_memory_idle(gsGlobal) < 0)
ps2vnc_display_wait_presentation_memory_idle	working/b4a/ps2vnc_framebuffer_tail.inc	1092	if (ps2vnc_display_wait_presentation_memory_idle(
ps2vnc_display_wait_presentation_memory_idle	working/b4a/ps2vnc_services_exports.h	42	int ps2vnc_display_wait_presentation_memory_idle( GSGLOBAL *gsGlobal);
ps2vnc_display_wait_texture_idle	working/b4a/ps2vnc_calibration_tail.inc	1340	int ps2vnc_display_wait_texture_idle(
ps2vnc_display_wait_texture_idle	working/b4a/ps2vnc_display_tail.inc	977	if (ps2vnc_display_wait_texture_idle(gsGlobal) < 0)
ps2vnc_display_wait_texture_idle	working/b4a/ps2vnc_framebuffer_tail.inc	702	int ps2vnc_display_wait_texture_idle(
ps2vnc_display_wait_texture_idle	working/b4a/ps2vnc_management_core.inc	69	if (ps2vnc_display_wait_texture_idle(gsGlobal) < 0)
ps2vnc_display_wait_texture_idle	working/b4a/ps2vnc_services_exports.h	43	int ps2vnc_display_wait_texture_idle( GSGLOBAL *gsGlobal);
ps2vnc_global_rollback_display_transaction	working/b4a/ps2vnc_display_core.inc	1103	int ps2vnc_global_rollback_display_transaction(
ps2vnc_global_rollback_display_transaction	working/b4a/ps2vnc_display_core_to_tail.h	11	extern int ps2vnc_global_rollback_display_transaction (int old_sock, int transport_dirty, short unsigned int *rfb_framebuffer, short unsigned int *gs_framebuffer, GSGLOBAL **display, GSTEXTURE *tex, GSTEXTURE *osk_tex);
ps2vnc_global_rollback_display_transaction	working/b4a/ps2vnc_display_tail.inc	468	ps2vnc_global_rollback_display_transaction(
ps2vnc_global_rollback_display_transaction	working/b4a/ps2vnc_display_tail.inc	492	* after ps2vnc_global_rollback_display_transaction() has consumed
ps2vnc_global_rollback_display_transaction	working/b4a/ps2vnc_display_tail.inc	770	ps2vnc_global_rollback_display_transaction(
ps2vnc_global_rollback_display_transaction	working/b4a/ps2vnc_display_tail.inc	828	ps2vnc_global_rollback_display_transaction(
ps2vnc_global_rollback_display_transaction	working/b4a/ps2vnc_display_tail.inc	894	ps2vnc_global_rollback_display_transaction(
ps2vnc_global_rollback_display_transaction	working/b4a/ps2vnc_display_tail.inc	1178	ps2vnc_global_rollback_display_transaction(
ps2vnc_global_rollback_display_transaction	working/b4a/ps2vnc_display_tail.inc	1316	ps2vnc_global_rollback_display_transaction(
ps2vnc_hires_effective_width	working/b4a/ps2vnc_calibration_tail.inc	1155	gsGlobal->Width = ps2vnc_hires_effective_width();
ps2vnc_hires_effective_width	working/b4a/ps2vnc_runtime_core.inc	49	unsigned int ps2vnc_hires_effective_width(void)
ps2vnc_hires_effective_width	working/b4a/ps2vnc_runtime_core.inc	106	ps2vnc_hires_effective_width();
ps2vnc_hires_effective_width	working/b4a/ps2vnc_runtime_core.inc	157	return ps2vnc_hires_effective_width();
ps2vnc_hires_effective_width	working/b4a/ps2vnc_runtime_core.inc	226	draw_width = ps2vnc_hires_effective_width();
ps2vnc_hires_effective_width	working/b4a/ps2vnc_services_imports.h	70	unsigned int ps2vnc_hires_effective_width(void);
ps2vnc_hires_mapped_storage_row	working/b4a/ps2vnc_framebuffer_core.inc	1081	unsigned int ps2vnc_hires_mapped_storage_row(
ps2vnc_hires_mapped_storage_row	working/b4a/ps2vnc_framebuffer_core_to_tail.h	13	extern unsigned int ps2vnc_hires_mapped_storage_row (unsigned int presentation_y);
ps2vnc_hires_mapped_storage_row	working/b4a/ps2vnc_framebuffer_tail.inc	394	ps2vnc_hires_mapped_storage_row(
ps2vnc_hires_mapped_storage_row	working/b4a/ps2vnc_framebuffer_tail.inc	832	ps2vnc_hires_mapped_storage_row(
ps2vnc_hires_requires_raster_mapping	working/b4a/ps2vnc_calibration_tail.inc	1468	ps2vnc_hires_requires_raster_mapping()
ps2vnc_hires_requires_raster_mapping	working/b4a/ps2vnc_calibration_tail.inc	1477	if (ps2vnc_hires_requires_raster_mapping()) {
ps2vnc_hires_requires_raster_mapping	working/b4a/ps2vnc_framebuffer_core.inc	1108	!ps2vnc_hires_requires_raster_mapping() &&
ps2vnc_hires_requires_raster_mapping	working/b4a/ps2vnc_framebuffer_core.inc	1138	!ps2vnc_hires_requires_raster_mapping())
ps2vnc_hires_requires_raster_mapping	working/b4a/ps2vnc_framebuffer_tail.inc	9	if (!ps2vnc_hires_requires_raster_mapping() ||
ps2vnc_hires_requires_raster_mapping	working/b4a/ps2vnc_framebuffer_tail.inc	156	if (!ps2vnc_hires_requires_raster_mapping() ||
ps2vnc_hires_requires_raster_mapping	working/b4a/ps2vnc_framebuffer_tail.inc	459	if (!ps2vnc_hires_requires_raster_mapping() ||
ps2vnc_hires_requires_raster_mapping	working/b4a/ps2vnc_framebuffer_tail.inc	545	if (ps2vnc_hires_requires_raster_mapping()) {
ps2vnc_hires_requires_raster_mapping	working/b4a/ps2vnc_framebuffer_tail.inc	761	if (ps2vnc_hires_requires_raster_mapping()) {
ps2vnc_hires_requires_raster_mapping	working/b4a/ps2vnc_framebuffer_tail.inc	919	if (ps2vnc_hires_requires_raster_mapping()) {
ps2vnc_hires_requires_raster_mapping	working/b4a/ps2vnc_framebuffer_tail.inc	1000	if (ps2vnc_hires_requires_raster_mapping())
ps2vnc_hires_requires_raster_mapping	working/b4a/ps2vnc_runtime_core.inc	139	int ps2vnc_hires_requires_raster_mapping(void)
ps2vnc_hires_requires_raster_mapping	working/b4a/ps2vnc_services_imports.h	71	int ps2vnc_hires_requires_raster_mapping(void);
ps2vnc_hires_requires_vertical_mapping	working/b4a/ps2vnc_framebuffer_core.inc	1084	if (ps2vnc_hires_requires_vertical_mapping())
ps2vnc_hires_requires_vertical_mapping	working/b4a/ps2vnc_runtime_core.inc	117	int ps2vnc_hires_requires_vertical_mapping(void)
ps2vnc_hires_requires_vertical_mapping	working/b4a/ps2vnc_runtime_core.inc	143	ps2vnc_hires_requires_vertical_mapping();
ps2vnc_hires_requires_vertical_mapping	working/b4a/ps2vnc_runtime_core.inc	166	if (ps2vnc_hires_requires_vertical_mapping())
ps2vnc_hires_requires_vertical_mapping	working/b4a/ps2vnc_runtime_to_framebuffer.h	124	extern int ps2vnc_hires_requires_vertical_mapping (void);
ps2vnc_hires_storage_bytes	working/b4a/ps2vnc_calibration_tail.inc	1454	128, ps2vnc_hires_storage_bytes());
ps2vnc_hires_storage_bytes	working/b4a/ps2vnc_calibration_tail.inc	1459	128, ps2vnc_hires_storage_bytes());
ps2vnc_hires_storage_bytes	working/b4a/ps2vnc_calibration_tail.inc	1487	ps2vnc_hires_storage_bytes());
ps2vnc_hires_storage_bytes	working/b4a/ps2vnc_calibration_tail.inc	1492	ps2vnc_hires_storage_bytes());
ps2vnc_hires_storage_bytes	working/b4a/ps2vnc_framebuffer_tail.inc	952	ps2vnc_hires_storage_bytes();
ps2vnc_hires_storage_bytes	working/b4a/ps2vnc_framebuffer_tail.inc	989	ps2vnc_hires_storage_bytes();
ps2vnc_hires_storage_bytes	working/b4a/ps2vnc_runtime_core.inc	173	unsigned int ps2vnc_hires_storage_bytes(void)
ps2vnc_hires_storage_bytes	working/b4a/ps2vnc_services_imports.h	72	unsigned int ps2vnc_hires_storage_bytes(void);
ps2vnc_hires_storage_height	working/b4a/ps2vnc_calibration_tail.inc	1442	ps2vnc_hires_storage_height() == 0)
ps2vnc_hires_storage_height	working/b4a/ps2vnc_calibration_tail.inc	1447	tex->Height = ps2vnc_hires_storage_height();
ps2vnc_hires_storage_height	working/b4a/ps2vnc_framebuffer_tail.inc	185	ps2vnc_hires_storage_height();
ps2vnc_hires_storage_height	working/b4a/ps2vnc_framebuffer_tail.inc	714	ps2vnc_hires_storage_height();
ps2vnc_hires_storage_height	working/b4a/ps2vnc_runtime_core.inc	161	unsigned int ps2vnc_hires_storage_height(void)
ps2vnc_hires_storage_height	working/b4a/ps2vnc_runtime_core.inc	177	ps2vnc_hires_storage_height() *
ps2vnc_hires_storage_height	working/b4a/ps2vnc_services_imports.h	73	unsigned int ps2vnc_hires_storage_height(void);
ps2vnc_hires_storage_width	working/b4a/ps2vnc_calibration_tail.inc	1441	if (ps2vnc_hires_storage_width() == 0 ||
ps2vnc_hires_storage_width	working/b4a/ps2vnc_calibration_tail.inc	1446	tex->Width = ps2vnc_hires_storage_width();
ps2vnc_hires_storage_width	working/b4a/ps2vnc_calibration_tail.inc	1449	tex->TBW = ps2vnc_hires_storage_width() / 64;
ps2vnc_hires_storage_width	working/b4a/ps2vnc_framebuffer_tail.inc	182	ps2vnc_hires_storage_width();
ps2vnc_hires_storage_width	working/b4a/ps2vnc_framebuffer_tail.inc	711	ps2vnc_hires_storage_width();
ps2vnc_hires_storage_width	working/b4a/ps2vnc_runtime_core.inc	155	unsigned int ps2vnc_hires_storage_width(void)
ps2vnc_hires_storage_width	working/b4a/ps2vnc_runtime_core.inc	176	ps2vnc_hires_storage_width() *
ps2vnc_hires_storage_width	working/b4a/ps2vnc_services_imports.h	74	unsigned int ps2vnc_hires_storage_width(void);
ps2vnc_remote_display_fail	working/b4a/ps2vnc_display_core.inc	877	void ps2vnc_remote_display_fail(
ps2vnc_remote_display_fail	working/b4a/ps2vnc_display_core.inc	1039	ps2vnc_remote_display_fail(1);
ps2vnc_remote_display_fail	working/b4a/ps2vnc_display_core.inc	1044	ps2vnc_remote_display_fail(2);
ps2vnc_remote_display_fail	working/b4a/ps2vnc_display_core.inc	1059	ps2vnc_remote_display_fail(3);
ps2vnc_remote_display_fail	working/b4a/ps2vnc_display_core_to_tail.h	13	extern void ps2vnc_remote_display_fail (unsigned int error_code);
ps2vnc_remote_display_fail	working/b4a/ps2vnc_display_tail.inc	545	ps2vnc_remote_display_fail(4);
ps2vnc_remote_display_fail	working/b4a/ps2vnc_display_tail.inc	598	ps2vnc_remote_display_fail(5);
ps2vnc_remote_display_fail	working/b4a/ps2vnc_display_tail.inc	627	ps2vnc_remote_display_fail(6);
ps2vnc_remote_display_fail	working/b4a/ps2vnc_display_tail.inc	670	ps2vnc_remote_display_fail(7);
ps2vnc_remote_display_lease_expired	working/b4a/ps2vnc_display_core.inc	890	int ps2vnc_remote_display_lease_expired(void)
ps2vnc_remote_display_lease_expired	working/b4a/ps2vnc_display_core_to_tail.h	14	extern int ps2vnc_remote_display_lease_expired (void);
ps2vnc_remote_display_lease_expired	working/b4a/ps2vnc_display_tail.inc	201	(void)ps2vnc_remote_display_lease_expired();
ps2vnc_remote_display_lease_expired	working/b4a/ps2vnc_runtime_core.inc	1438	int ps2vnc_remote_display_lease_expired(void);
ps2vnc_remote_display_lease_expired	working/b4a/ps2vnc_runtime_core.inc	1632	if (ps2vnc_remote_display_lease_expired())
ps2vnc_startup_finalize_display_transaction	working/b4a/ps2vnc_display_core.inc	598	int ps2vnc_startup_finalize_display_transaction(void)
ps2vnc_startup_finalize_display_transaction	working/b4a/ps2vnc_display_core_to_tail.h	16	extern int ps2vnc_startup_finalize_display_transaction (void);
ps2vnc_startup_finalize_display_transaction	working/b4a/ps2vnc_display_tail.inc	171	if (ps2vnc_startup_finalize_display_transaction() < 0) {
ps2vnc_startup_prepare_display_transaction	working/b4a/ps2vnc_calibration_core.inc	355	int ps2vnc_startup_prepare_display_transaction(void)
ps2vnc_startup_prepare_display_transaction	working/b4a/ps2vnc_display_tail.inc	1609	if (ps2vnc_startup_prepare_display_transaction() < 0) {
ps2vnc_startup_prepare_display_transaction	working/b4a/ps2vnc_services_exports.h	49	int ps2vnc_startup_prepare_display_transaction(void);
ps2vnc_switch_display_mode	working/b4a/ps2vnc_calibration_tail.inc	1011	* This deliberately does NOT call ps2vnc_switch_display_mode() and does not
ps2vnc_switch_display_mode	working/b4a/ps2vnc_display_core.inc	179	int ps2vnc_switch_display_mode(
ps2vnc_switch_display_mode	working/b4a/ps2vnc_display_core.inc	479	if (ps2vnc_switch_display_mode(
ps2vnc_switch_display_mode	working/b4a/ps2vnc_display_core.inc	499	* ps2vnc_switch_display_mode() reconstructs A's GS/RFB presentation,
ps2vnc_switch_display_mode	working/b4a/ps2vnc_display_core_to_tail.h	17	extern int ps2vnc_switch_display_mode (int sock, short unsigned int *rfb_framebuffer, short unsigned int *gs_framebuffer, GSGLOBAL **display, GSTEXTURE *tex, GSTEXTURE *osk_tex, const ps2vnc_video_mode_t *mode, unsigned int out_x, unsigned int out_y, unsigned int width, unsigned int height);
ps2vnc_switch_display_mode	working/b4a/ps2vnc_display_tail.inc	510	* ps2vnc_switch_display_mode(), so an unavailable/invalid preset
ps2vnc_switch_display_mode	working/b4a/ps2vnc_display_tail.inc	706	ps2vnc_switch_display_mode(
ps2vnc_switch_display_mode	working/b4a/ps2vnc_runtime_core.inc	831	* only this channel; it must never enter ps2vnc_switch_display_mode().
ps2vnc_switch_display_mode	working/b4a/ps2vnc_runtime_core.inc	866	* ps2vnc_switch_display_mode(). */
ps2vnc_switch_display_mode_core	working/b4a/ps2vnc_display_core.inc	1	static int ps2vnc_switch_display_mode_core(
ps2vnc_switch_display_mode_core	working/b4a/ps2vnc_display_core.inc	215	return ps2vnc_switch_display_mode_core(
ps2vnc_switch_display_mode_core	working/b4a/ps2vnc_display_core.inc	289	result = ps2vnc_switch_display_mode_core(
ps2vnc_update_mapped_hires_dirty_buffer	working/b4a/ps2vnc_framebuffer_tail.inc	91	static int ps2vnc_update_mapped_hires_dirty_buffer(
ps2vnc_update_mapped_hires_dirty_buffer	working/b4a/ps2vnc_framebuffer_tail.inc	490	if (ps2vnc_update_mapped_hires_dirty_buffer(
ps2vnc_update_mapped_hires_dirty_buffer	working/b4a/ps2vnc_framebuffer_tail.inc	515	if (ps2vnc_update_mapped_hires_dirty_buffer(
ps2vnc_video_mode_by_name	working/b4a/ps2vnc_calibration_core.inc	703	ps2vnc_video_mode_by_name(mode->name) == NULL)
ps2vnc_video_mode_by_name	working/b4a/ps2vnc_display_core.inc	1027	ps2vnc_video_mode_by_name(mode_name);
ps2vnc_video_mode_by_name	working/b4a/ps2vnc_management_core.inc	971	*out_mode = ps2vnc_video_mode_by_name(value);
ps2vnc_video_mode_by_name	working/b4a/ps2vnc_management_tail.inc	1214	ps2vnc_video_mode_by_name(
ps2vnc_video_mode_by_name	working/b4a/ps2vnc_management_tail.inc	1530	profile->mode = ps2vnc_video_mode_by_name(value);
ps2vnc_video_mode_by_name	working/b4a/ps2vnc_runtime_core.inc	14	const ps2vnc_video_mode_t *ps2vnc_video_mode_by_name(
ps2vnc_video_mode_by_name	working/b4a/ps2vnc_services_imports.h	75	const ps2vnc_video_mode_t *ps2vnc_video_mode_by_name( const char *name);
ps2vnc_video_mode_by_name	working/b4a/ps2vnc_services_imports.h	96	const ps2vnc_video_mode_t *ps2vnc_video_mode_by_name( const char *name);
ps2vnc_video_mode_default_backend	working/b4a/ps2vnc_calibration_core.inc	1163	ps2vnc_video_mode_default_backend(target->mode);
ps2vnc_video_mode_default_backend	working/b4a/ps2vnc_calibration_tail.inc	1248	ps2vnc_video_mode_default_backend(active_video_mode);
ps2vnc_video_mode_default_backend	working/b4a/ps2vnc_management_tail.inc	105	backend = ps2vnc_video_mode_default_backend(mode);
ps2vnc_video_mode_default_backend	working/b4a/ps2vnc_runtime_core.inc	1	ps2vnc_backend_t ps2vnc_video_mode_default_backend(
ps2vnc_video_mode_default_backend	working/b4a/ps2vnc_services_imports.h	76	ps2vnc_backend_t ps2vnc_video_mode_default_backend( const ps2vnc_video_mode_t *mode);
ps2vnc_video_mode_supports_backend	working/b4a/ps2vnc_calibration_tail.inc	1188	!ps2vnc_video_mode_supports_backend(
ps2vnc_video_mode_supports_backend	working/b4a/ps2vnc_management_tail.inc	12	if (!ps2vnc_video_mode_supports_backend(
ps2vnc_video_mode_supports_backend	working/b4a/ps2vnc_runtime.c	269	int ps2vnc_video_mode_supports_backend(
ps2vnc_video_mode_supports_backend	working/b4a/ps2vnc_runtime_core.inc	7	if (!ps2vnc_video_mode_supports_backend(
ps2vnc_video_mode_supports_backend	working/b4a/ps2vnc_runtime_tail.c	241	extern int ps2vnc_video_mode_supports_backend(
ps2vnc_video_mode_supports_backend	working/b4a/ps2vnc_services_imports.h	100	int ps2vnc_video_mode_supports_backend( const ps2vnc_video_mode_t *mode, ps2vnc_backend_t backend);
publish_hires_background	working/b4a/ps2vnc_calibration_tail.inc	1472	if (publish_hires_background(gsGlobal, tex, gs_framebuffer) < 0) {
publish_hires_background	working/b4a/ps2vnc_framebuffer_core.inc	1244	int publish_hires_background(
publish_hires_background	working/b4a/ps2vnc_framebuffer_core.inc	1264	* Mapping arithmetic remains inside publish_hires_background(); this helper
publish_hires_background	working/b4a/ps2vnc_framebuffer_tail.inc	27	* publish_hires_background() owns the proven F7B conversion and writes
publish_hires_background	working/b4a/ps2vnc_framebuffer_tail.inc	34	if (publish_hires_background(
publish_hires_background	working/b4a/ps2vnc_framebuffer_tail.inc	705	int publish_hires_background(
publish_hires_background	working/b4a/ps2vnc_framebuffer_tail.inc	977	if (publish_hires_background(
publish_hires_background	working/b4a/ps2vnc_services_imports.h	77	int publish_hires_background( GSGLOBAL *gsGlobal, GSTEXTURE *bg_tex, const unsigned short *gs_framebuffer);
recover_rfb_transport_for_display_rollback	working/b4a/ps2vnc_display_core.inc	464	recover_rfb_transport_for_display_rollback(
recover_rfb_transport_for_display_rollback	working/b4a/ps2vnc_management_core.inc	439	int recover_rfb_transport_for_display_rollback(
recover_rfb_transport_for_display_rollback	working/b4a/ps2vnc_services_exports.h	51	int recover_rfb_transport_for_display_rollback( int old_sock, unsigned short *rfb_framebuffer, unsigned short *gs_framebuffer, const ps2vnc_video_mode_t *handshake_mode);
region_fits_u32	working/b4a/ps2vnc_calibration_core.inc	1086	return region_fits_u32(
region_fits_u32	working/b4a/ps2vnc_calibration_tail.inc	740	if (!region_fits_u32(
region_fits_u32	working/b4a/ps2vnc_calibration_tail.inc	791	return region_fits_u32(
region_fits_u32	working/b4a/ps2vnc_calibration_tail.inc	892	if (!region_fits_u32(
region_fits_u32	working/b4a/ps2vnc_calibration_tail.inc	992	if (!region_fits_u32(
region_fits_u32	working/b4a/ps2vnc_display_core.inc	26	if (!region_fits_u32(
region_fits_u32	working/b4a/ps2vnc_display_tail.inc	1011	region_fits_u32(
region_fits_u32	working/b4a/ps2vnc_framebuffer_core.inc	809	if (!region_fits_u32(
region_fits_u32	working/b4a/ps2vnc_framebuffer_core.inc	1170	!region_fits_u32(x, y, w, h, desktop_width, desktop_height))
region_fits_u32	working/b4a/ps2vnc_framebuffer_tail.inc	170	!region_fits_u32(
region_fits_u32	working/b4a/ps2vnc_framebuffer_tail.inc	730	!region_fits_u32(
region_fits_u32	working/b4a/ps2vnc_framebuffer_tail.inc	1071	if (!region_fits_u32(
region_fits_u32	working/b4a/ps2vnc_framebuffer_tail.inc	1077	if (!region_fits_u32(
region_fits_u32	working/b4a/ps2vnc_runtime_core.inc	1228	int region_fits_u32(
region_fits_u32	working/b4a/ps2vnc_services_imports.h	79	int region_fits_u32( unsigned int x, unsigned int y, unsigned int w, unsigned int h, unsigned int bounds_width, unsigned int bounds_height);
remote_display_baseline_mode	working/b4a/ps2vnc_display_core.inc	828	(remote_display_baseline_mode != NULL &&
remote_display_baseline_mode	working/b4a/ps2vnc_display_core.inc	829	remote_display_baseline_mode->name != NULL)
remote_display_baseline_mode	working/b4a/ps2vnc_display_core.inc	830	? remote_display_baseline_mode->name
remote_display_baseline_mode	working/b4a/ps2vnc_display_core.inc	873	remote_display_baseline_mode = NULL;
remote_display_baseline_mode	working/b4a/ps2vnc_display_core.inc	1035	remote_display_baseline_mode =
remote_display_baseline_mode	working/b4a/ps2vnc_runtime_core.inc	876	remote_display_baseline_mode = NULL;
remote_display_baseline_mode	working/b4a/ps2vnc_runtime_to_ui_display.h	396	remote_display_baseline_mode ;
remote_display_error_code	working/b4a/ps2vnc_display_core.inc	868	remote_display_error_code = 0;
remote_display_error_code	working/b4a/ps2vnc_display_core.inc	880	remote_display_error_code = error_code;
remote_display_error_code	working/b4a/ps2vnc_display_core.inc	918	remote_display_error_code = 0;
remote_display_error_code	working/b4a/ps2vnc_display_core.inc	1032	remote_display_error_code = 0;
remote_display_error_code	working/b4a/ps2vnc_display_core.inc	1083	remote_display_error_code = 0;
remote_display_error_code	working/b4a/ps2vnc_display_core.inc	1126	remote_display_error_code);
remote_display_error_code	working/b4a/ps2vnc_display_core.inc	1148	remote_display_error_code != 0
remote_display_error_code	working/b4a/ps2vnc_display_core.inc	1149	? remote_display_error_code
remote_display_error_code	working/b4a/ps2vnc_display_core.inc	1160	remote_display_error_code != 0
remote_display_error_code	working/b4a/ps2vnc_display_core.inc	1161	? remote_display_error_code
remote_display_error_code	working/b4a/ps2vnc_display_core.inc	1173	remote_display_error_code != 0
remote_display_error_code	working/b4a/ps2vnc_display_core.inc	1174	? remote_display_error_code
remote_display_error_code	working/b4a/ps2vnc_display_core.inc	1192	remote_display_error_code != 0
remote_display_error_code	working/b4a/ps2vnc_display_core.inc	1193	? remote_display_error_code
remote_display_error_code	working/b4a/ps2vnc_display_core.inc	1206	if (remote_display_error_code != 0) {
remote_display_error_code	working/b4a/ps2vnc_display_core.inc	1209	remote_display_error_code);
remote_display_error_code	working/b4a/ps2vnc_display_tail.inc	656	remote_display_error_code = 0;
remote_display_error_code	working/b4a/ps2vnc_display_tail.inc	756	remote_display_error_code =
remote_display_error_code	working/b4a/ps2vnc_display_tail.inc	819	remote_display_error_code = 9;
remote_display_error_code	working/b4a/ps2vnc_runtime_core.inc	863	unsigned int remote_display_error_code = 0;
remote_display_error_code	working/b4a/ps2vnc_runtime_to_ui_display.h	398	extern unsigned int remote_display_error_code ;
remote_display_last_poll_tick	working/b4a/ps2vnc_display_core.inc	947	if (remote_display_last_poll_tick != 0 &&
remote_display_last_poll_tick	working/b4a/ps2vnc_display_core.inc	950	remote_display_last_poll_tick) <
remote_display_last_poll_tick	working/b4a/ps2vnc_display_core.inc	954	remote_display_last_poll_tick = now;
remote_display_last_poll_tick	working/b4a/ps2vnc_runtime_core.inc	870	u64 remote_display_last_poll_tick = 0;
remote_display_last_poll_tick	working/b4a/ps2vnc_runtime_to_ui_display.h	400	extern u64 remote_display_last_poll_tick ;
remote_display_lease_seconds	working/b4a/ps2vnc_display_core.inc	867	remote_display_lease_seconds = 0;
remote_display_lease_seconds	working/b4a/ps2vnc_display_core.inc	908	if (sec < remote_display_lease_seconds)
remote_display_lease_seconds	working/b4a/ps2vnc_display_core.inc	1030	remote_display_lease_seconds =
remote_display_lease_seconds	working/b4a/ps2vnc_display_tail.inc	871	remote_display_lease_seconds);
remote_display_lease_seconds	working/b4a/ps2vnc_runtime_core.inc	862	unsigned int remote_display_lease_seconds = 0;
remote_display_lease_seconds	working/b4a/ps2vnc_runtime_to_ui_display.h	402	extern unsigned int remote_display_lease_seconds ;
remote_display_lease_started_tick	working/b4a/ps2vnc_display_core.inc	870	remote_display_lease_started_tick = 0;
remote_display_lease_started_tick	working/b4a/ps2vnc_display_core.inc	904	remote_display_lease_started_tick,
remote_display_lease_started_tick	working/b4a/ps2vnc_display_tail.inc	853	remote_display_lease_started_tick =
remote_display_lease_started_tick	working/b4a/ps2vnc_runtime_core.inc	869	u64 remote_display_lease_started_tick = 0;
remote_display_lease_started_tick	working/b4a/ps2vnc_runtime_to_ui_display.h	404	extern u64 remote_display_lease_started_tick ;
remote_display_requested_mode	working/b4a/ps2vnc_display_core.inc	872	remote_display_requested_mode = NULL;
remote_display_requested_mode	working/b4a/ps2vnc_display_core.inc	1034	remote_display_requested_mode = target;
remote_display_requested_mode	working/b4a/ps2vnc_runtime_core.inc	873	remote_display_requested_mode = NULL;
remote_display_requested_mode	working/b4a/ps2vnc_runtime_to_ui_display.h	407	remote_display_requested_mode ;
remote_display_state	working/b4a/ps2vnc_display_core.inc	214	if (remote_display_state == REMOTE_DISPLAY_IDLE) {
remote_display_state	working/b4a/ps2vnc_display_core.inc	863	remote_display_state = REMOTE_DISPLAY_IDLE;
remote_display_state	working/b4a/ps2vnc_display_core.inc	895	if (remote_display_state !=
remote_display_state	working/b4a/ps2vnc_display_core.inc	915	remote_display_state =
remote_display_state	working/b4a/ps2vnc_display_core.inc	1010	remote_display_state !=
remote_display_state	working/b4a/ps2vnc_display_core.inc	1048	remote_display_state =
remote_display_state	working/b4a/ps2vnc_display_core.inc	1075	if (remote_display_state !=
remote_display_state	working/b4a/ps2vnc_display_core.inc	1080	remote_display_state =
remote_display_state	working/b4a/ps2vnc_display_core.inc	1116	remote_display_state != REMOTE_DISPLAY_IDLE;
remote_display_state	working/b4a/ps2vnc_display_core.inc	1121	remote_display_state =
remote_display_state	working/b4a/ps2vnc_display_tail.inc	653	remote_display_state =
remote_display_state	working/b4a/ps2vnc_display_tail.inc	850	remote_display_state =
remote_display_state	working/b4a/ps2vnc_runtime_core.inc	846	volatile int remote_display_state =
remote_display_state	working/b4a/ps2vnc_runtime_to_ui_display.h	409	extern volatile int remote_display_state ;
remote_display_state	working/b4a/ps2vnc_ui_tail.inc	501	(remote_display_state != REMOTE_DISPLAY_ACTIVE_TEMP ||
remote_display_state	working/b4a/ps2vnc_ui_tail.inc	600	if (remote_display_state == REMOTE_DISPLAY_IDLE &&
remote_display_state	working/b4a/ps2vnc_ui_tail.inc	619	if (remote_display_state == REMOTE_DISPLAY_IDLE &&
remote_display_state	working/b4a/ps2vnc_ui_tail.inc	632	if (remote_display_state == REMOTE_DISPLAY_IDLE &&
remote_display_suppress_next_active_menu_return	working/b4a/ps2vnc_display_core.inc	1119	remote_display_suppress_next_active_menu_return = 1;
remote_display_suppress_next_active_menu_return	working/b4a/ps2vnc_runtime_core.inc	857	remote_display_suppress_next_active_menu_return = 0;
remote_display_suppress_next_active_menu_return	working/b4a/ps2vnc_runtime_core_to_tail.h	201	remote_display_suppress_next_active_menu_return ;
remote_display_suppress_next_active_menu_return	working/b4a/ps2vnc_runtime_tail.inc	277	if (remote_display_suppress_next_active_menu_return) {
remote_display_suppress_next_active_menu_return	working/b4a/ps2vnc_runtime_tail.inc	278	remote_display_suppress_next_active_menu_return = 0;
remote_display_suppress_next_active_menu_return	working/b4a/ps2vnc_runtime_to_ui_display.h	412	remote_display_suppress_next_active_menu_return ;
remote_display_txid	working/b4a/ps2vnc_display_core.inc	833	if (remote_display_txid == 0 ||
remote_display_txid	working/b4a/ps2vnc_display_core.inc	845	remote_display_txid,
remote_display_txid	working/b4a/ps2vnc_display_core.inc	866	remote_display_txid = 0;
remote_display_txid	working/b4a/ps2vnc_display_core.inc	913	remote_display_txid);
remote_display_txid	working/b4a/ps2vnc_display_core.inc	1029	remote_display_txid = txid;
remote_display_txid	working/b4a/ps2vnc_display_core.inc	1077	txid != remote_display_txid)
remote_display_txid	working/b4a/ps2vnc_display_tail.inc	870	remote_display_txid,
remote_display_txid	working/b4a/ps2vnc_runtime_core.inc	861	unsigned int remote_display_txid = 0;
remote_display_txid	working/b4a/ps2vnc_runtime_to_ui_display.h	414	extern unsigned int remote_display_txid ;
request_and_confirm_desktop_size	working/b4a/ps2vnc_calibration_core.inc	578	if (request_and_confirm_desktop_size(
request_and_confirm_desktop_size	working/b4a/ps2vnc_calibration_core.inc	589	* request_and_confirm_desktop_size() has now received and
request_and_confirm_desktop_size	working/b4a/ps2vnc_calibration_tail.inc	907	if (request_and_confirm_desktop_size(
request_and_confirm_desktop_size	working/b4a/ps2vnc_display_core.inc	82	if (request_and_confirm_desktop_size(
request_and_confirm_desktop_size	working/b4a/ps2vnc_display_tail.inc	102	if (request_and_confirm_desktop_size(
request_and_confirm_desktop_size	working/b4a/ps2vnc_management_core.inc	344	if (request_and_confirm_desktop_size(
request_and_confirm_desktop_size	working/b4a/ps2vnc_runtime_tail.inc	989	int request_and_confirm_desktop_size(
request_and_confirm_desktop_size	working/b4a/ps2vnc_services_imports.h	80	int request_and_confirm_desktop_size( int sock, unsigned short *rfb_framebuffer, unsigned short *gs_framebuffer, unsigned int width, unsigned int height);
rfb_extended_desktop_height	working/b4a/ps2vnc_framebuffer_core.inc	666	rfb_extended_desktop_height = h;
rfb_extended_desktop_height	working/b4a/ps2vnc_framebuffer_core.inc	979	rfb_extended_desktop_height = 0;
rfb_extended_desktop_height	working/b4a/ps2vnc_framebuffer_core.inc	1021	rfb_extended_desktop_height != desktop_height) {
rfb_extended_desktop_height	working/b4a/ps2vnc_framebuffer_core.inc	1026	rfb_extended_desktop_height
rfb_extended_desktop_height	working/b4a/ps2vnc_framebuffer_core.inc	1035	rfb_extended_desktop_height,
rfb_extended_desktop_height	working/b4a/ps2vnc_runtime_tail.inc	802	unsigned int rfb_extended_desktop_height = 0;
rfb_extended_desktop_height	working/b4a/ps2vnc_runtime_tail.inc	1055	rfb_extended_desktop_height = 0;
rfb_extended_desktop_height	working/b4a/ps2vnc_runtime_tail.inc	1099	rfb_extended_desktop_height != height) {
rfb_extended_desktop_height	working/b4a/ps2vnc_runtime_to_framebuffer.h	102	extern unsigned int rfb_extended_desktop_height ;
rfb_extended_desktop_reason	working/b4a/ps2vnc_framebuffer_core.inc	663	rfb_extended_desktop_reason = x;
rfb_extended_desktop_reason	working/b4a/ps2vnc_framebuffer_core.inc	976	rfb_extended_desktop_reason = 0;
rfb_extended_desktop_reason	working/b4a/ps2vnc_runtime_tail.inc	799	unsigned int rfb_extended_desktop_reason = 0;
rfb_extended_desktop_reason	working/b4a/ps2vnc_runtime_tail.inc	1052	rfb_extended_desktop_reason = 0;
rfb_extended_desktop_reason	working/b4a/ps2vnc_runtime_tail.inc	1085	if (rfb_extended_desktop_reason != 1)
rfb_extended_desktop_reason	working/b4a/ps2vnc_runtime_to_framebuffer.h	96	extern unsigned int rfb_extended_desktop_reason ;
rfb_extended_desktop_result	working/b4a/ps2vnc_framebuffer_core.inc	664	rfb_extended_desktop_result = y;
rfb_extended_desktop_result	working/b4a/ps2vnc_framebuffer_core.inc	977	rfb_extended_desktop_result = 0;
rfb_extended_desktop_result	working/b4a/ps2vnc_runtime_tail.inc	800	unsigned int rfb_extended_desktop_result = 0;
rfb_extended_desktop_result	working/b4a/ps2vnc_runtime_tail.inc	1053	rfb_extended_desktop_result = 0;
rfb_extended_desktop_result	working/b4a/ps2vnc_runtime_tail.inc	1093	if (rfb_extended_desktop_result != 0) {
rfb_extended_desktop_result	working/b4a/ps2vnc_runtime_to_framebuffer.h	98	extern unsigned int rfb_extended_desktop_result ;
rfb_extended_desktop_screen_count	working/b4a/ps2vnc_framebuffer_core.inc	667	rfb_extended_desktop_screen_count =
rfb_extended_desktop_screen_count	working/b4a/ps2vnc_framebuffer_core.inc	980	rfb_extended_desktop_screen_count = 0;
rfb_extended_desktop_screen_count	working/b4a/ps2vnc_framebuffer_core.inc	1015	if (rfb_extended_desktop_screen_count == 0) {
rfb_extended_desktop_screen_count	working/b4a/ps2vnc_runtime_tail.inc	803	unsigned int rfb_extended_desktop_screen_count = 0;
rfb_extended_desktop_screen_count	working/b4a/ps2vnc_runtime_tail.inc	1056	rfb_extended_desktop_screen_count = 0;
rfb_extended_desktop_screen_count	working/b4a/ps2vnc_runtime_to_framebuffer.h	104	extern unsigned int rfb_extended_desktop_screen_count ;
rfb_extended_desktop_seen	working/b4a/ps2vnc_framebuffer_core.inc	662	rfb_extended_desktop_seen = 1;
rfb_extended_desktop_seen	working/b4a/ps2vnc_framebuffer_core.inc	975	rfb_extended_desktop_seen = 0;
rfb_extended_desktop_seen	working/b4a/ps2vnc_framebuffer_core.inc	1010	if (!rfb_extended_desktop_seen) {
rfb_extended_desktop_seen	working/b4a/ps2vnc_runtime_tail.inc	798	int rfb_extended_desktop_seen = 0;
rfb_extended_desktop_seen	working/b4a/ps2vnc_runtime_tail.inc	1051	rfb_extended_desktop_seen = 0;
rfb_extended_desktop_seen	working/b4a/ps2vnc_runtime_tail.inc	1074	if (!rfb_extended_desktop_seen)
rfb_extended_desktop_seen	working/b4a/ps2vnc_runtime_to_framebuffer.h	94	extern int rfb_extended_desktop_seen ;
rfb_extended_desktop_width	working/b4a/ps2vnc_framebuffer_core.inc	665	rfb_extended_desktop_width = w;
rfb_extended_desktop_width	working/b4a/ps2vnc_framebuffer_core.inc	978	rfb_extended_desktop_width = 0;
rfb_extended_desktop_width	working/b4a/ps2vnc_framebuffer_core.inc	1020	if (rfb_extended_desktop_width != desktop_width ||
rfb_extended_desktop_width	working/b4a/ps2vnc_framebuffer_core.inc	1025	rfb_extended_desktop_width,
rfb_extended_desktop_width	working/b4a/ps2vnc_framebuffer_core.inc	1034	rfb_extended_desktop_width,
rfb_extended_desktop_width	working/b4a/ps2vnc_runtime_tail.inc	801	unsigned int rfb_extended_desktop_width = 0;
rfb_extended_desktop_width	working/b4a/ps2vnc_runtime_tail.inc	1054	rfb_extended_desktop_width = 0;
rfb_extended_desktop_width	working/b4a/ps2vnc_runtime_tail.inc	1098	if (rfb_extended_desktop_width != width ||
rfb_extended_desktop_width	working/b4a/ps2vnc_runtime_to_framebuffer.h	100	extern unsigned int rfb_extended_desktop_width ;
rfb_first_screen_flags	working/b4a/ps2vnc_framebuffer_core.inc	679	rfb_first_screen_flags = 0;
rfb_first_screen_flags	working/b4a/ps2vnc_framebuffer_core.inc	719	rfb_first_screen_flags =
rfb_first_screen_flags	working/b4a/ps2vnc_framebuffer_core.inc	987	rfb_first_screen_flags = 0;
rfb_first_screen_flags	working/b4a/ps2vnc_runtime_tail.inc	810	unsigned int rfb_first_screen_flags = 0;
rfb_first_screen_flags	working/b4a/ps2vnc_runtime_tail.inc	944	(unsigned char)((rfb_first_screen_flags >> 24) & 0xFF);
rfb_first_screen_flags	working/b4a/ps2vnc_runtime_tail.inc	946	(unsigned char)((rfb_first_screen_flags >> 16) & 0xFF);
rfb_first_screen_flags	working/b4a/ps2vnc_runtime_tail.inc	948	(unsigned char)((rfb_first_screen_flags >> 8) & 0xFF);
rfb_first_screen_flags	working/b4a/ps2vnc_runtime_tail.inc	950	(unsigned char)(rfb_first_screen_flags & 0xFF);
rfb_first_screen_flags	working/b4a/ps2vnc_runtime_to_framebuffer.h	116	extern unsigned int rfb_first_screen_flags ;
rfb_first_screen_height	working/b4a/ps2vnc_framebuffer_core.inc	678	rfb_first_screen_height = 0;
rfb_first_screen_height	working/b4a/ps2vnc_framebuffer_core.inc	716	rfb_first_screen_height =
rfb_first_screen_height	working/b4a/ps2vnc_framebuffer_core.inc	745	rfb_first_screen_height
rfb_first_screen_height	working/b4a/ps2vnc_framebuffer_core.inc	986	rfb_first_screen_height = 0;
rfb_first_screen_height	working/b4a/ps2vnc_runtime_tail.inc	809	unsigned int rfb_first_screen_height = 0;
rfb_first_screen_height	working/b4a/ps2vnc_runtime_to_framebuffer.h	114	extern unsigned int rfb_first_screen_height ;
rfb_first_screen_id	working/b4a/ps2vnc_framebuffer_core.inc	674	rfb_first_screen_id = 0;
rfb_first_screen_id	working/b4a/ps2vnc_framebuffer_core.inc	704	rfb_first_screen_id =
rfb_first_screen_id	working/b4a/ps2vnc_framebuffer_core.inc	741	rfb_first_screen_id,
rfb_first_screen_id	working/b4a/ps2vnc_framebuffer_core.inc	982	rfb_first_screen_id = 0;
rfb_first_screen_id	working/b4a/ps2vnc_framebuffer_core.inc	1036	rfb_first_screen_id
rfb_first_screen_id	working/b4a/ps2vnc_runtime_tail.inc	805	unsigned int rfb_first_screen_id = 0;
rfb_first_screen_id	working/b4a/ps2vnc_runtime_tail.inc	927	(unsigned char)((rfb_first_screen_id >> 24) & 0xFF);
rfb_first_screen_id	working/b4a/ps2vnc_runtime_tail.inc	929	(unsigned char)((rfb_first_screen_id >> 16) & 0xFF);
rfb_first_screen_id	working/b4a/ps2vnc_runtime_tail.inc	931	(unsigned char)((rfb_first_screen_id >> 8) & 0xFF);
rfb_first_screen_id	working/b4a/ps2vnc_runtime_tail.inc	933	(unsigned char)(rfb_first_screen_id & 0xFF);
rfb_first_screen_id	working/b4a/ps2vnc_runtime_to_framebuffer.h	106	extern unsigned int rfb_first_screen_id ;
rfb_first_screen_width	working/b4a/ps2vnc_framebuffer_core.inc	677	rfb_first_screen_width = 0;
rfb_first_screen_width	working/b4a/ps2vnc_framebuffer_core.inc	713	rfb_first_screen_width =
rfb_first_screen_width	working/b4a/ps2vnc_framebuffer_core.inc	744	rfb_first_screen_width,
rfb_first_screen_width	working/b4a/ps2vnc_framebuffer_core.inc	985	rfb_first_screen_width = 0;
rfb_first_screen_width	working/b4a/ps2vnc_runtime_tail.inc	808	unsigned int rfb_first_screen_width = 0;
rfb_first_screen_width	working/b4a/ps2vnc_runtime_to_framebuffer.h	112	extern unsigned int rfb_first_screen_width ;
rfb_first_screen_x	working/b4a/ps2vnc_framebuffer_core.inc	675	rfb_first_screen_x = 0;
rfb_first_screen_x	working/b4a/ps2vnc_framebuffer_core.inc	707	rfb_first_screen_x =
rfb_first_screen_x	working/b4a/ps2vnc_framebuffer_core.inc	742	rfb_first_screen_x,
rfb_first_screen_x	working/b4a/ps2vnc_framebuffer_core.inc	983	rfb_first_screen_x = 0;
rfb_first_screen_x	working/b4a/ps2vnc_runtime_tail.inc	806	unsigned int rfb_first_screen_x = 0;
rfb_first_screen_x	working/b4a/ps2vnc_runtime_to_framebuffer.h	108	extern unsigned int rfb_first_screen_x ;
rfb_first_screen_y	working/b4a/ps2vnc_framebuffer_core.inc	676	rfb_first_screen_y = 0;
rfb_first_screen_y	working/b4a/ps2vnc_framebuffer_core.inc	710	rfb_first_screen_y =
rfb_first_screen_y	working/b4a/ps2vnc_framebuffer_core.inc	743	rfb_first_screen_y,
rfb_first_screen_y	working/b4a/ps2vnc_framebuffer_core.inc	984	rfb_first_screen_y = 0;
rfb_first_screen_y	working/b4a/ps2vnc_runtime_tail.inc	807	unsigned int rfb_first_screen_y = 0;
rfb_first_screen_y	working/b4a/ps2vnc_runtime_to_framebuffer.h	110	extern unsigned int rfb_first_screen_y ;
rfb_resize_expected_height	working/b4a/ps2vnc_framebuffer_core.inc	762	h != rfb_resize_expected_height) {
rfb_resize_expected_height	working/b4a/ps2vnc_runtime_tail.inc	820	unsigned int rfb_resize_expected_height = 0;
rfb_resize_expected_height	working/b4a/ps2vnc_runtime_tail.inc	1027	rfb_resize_expected_height = height;
rfb_resize_expected_height	working/b4a/ps2vnc_runtime_to_framebuffer.h	122	extern unsigned int rfb_resize_expected_height ;
rfb_resize_expected_width	working/b4a/ps2vnc_framebuffer_core.inc	761	if (w != rfb_resize_expected_width ||
rfb_resize_expected_width	working/b4a/ps2vnc_runtime_tail.inc	819	unsigned int rfb_resize_expected_width = 0;
rfb_resize_expected_width	working/b4a/ps2vnc_runtime_tail.inc	1026	rfb_resize_expected_width = width;
rfb_resize_expected_width	working/b4a/ps2vnc_runtime_tail.inc	1079	* whose dimensions differ from rfb_resize_expected_width/height.
rfb_resize_expected_width	working/b4a/ps2vnc_runtime_to_framebuffer.h	120	extern unsigned int rfb_resize_expected_width ;
run_screen_fit_calibration	working/b4a/ps2vnc_calibration_tail.inc	409	int run_screen_fit_calibration(
run_screen_fit_calibration	working/b4a/ps2vnc_calibration_tail.inc	1057	if (run_screen_fit_calibration(
run_screen_fit_calibration	working/b4a/ps2vnc_display_tail.inc	52	if (run_screen_fit_calibration(
run_screen_fit_calibration	working/b4a/ps2vnc_services_exports.h	52	int run_screen_fit_calibration( GSGLOBAL *gsGlobal, u64 black, int save_on_accept, int *accepted_out);
screen_fit_apply_preset	working/b4a/ps2vnc_calibration_core.inc	1241	* screen_fit_apply_preset() validates against active_video_mode,
screen_fit_apply_preset	working/b4a/ps2vnc_calibration_tail.inc	527	if (screen_fit_apply_preset(
screen_fit_apply_preset	working/b4a/ps2vnc_calibration_tail.inc	570	screen_fit_apply_preset(
screen_fit_apply_preset	working/b4a/ps2vnc_display_core.inc	503	if (!screen_fit_apply_preset(
screen_fit_apply_preset	working/b4a/ps2vnc_management_core.inc	750	int screen_fit_apply_preset(
screen_fit_apply_preset	working/b4a/ps2vnc_management_core.inc	846	* translated OUTER rectangle through screen_fit_apply_preset().
screen_fit_apply_preset	working/b4a/ps2vnc_management_core.inc	1404	return screen_fit_apply_preset(
screen_fit_apply_preset	working/b4a/ps2vnc_management_core.inc	1441	*     ps2vnc_config_apply_display() -> screen_fit_apply_preset()
screen_fit_apply_preset	working/b4a/ps2vnc_services_exports.h	53	int screen_fit_apply_preset( int width, int height, int offset_x, int offset_y, int full_bypass);
screen_fit_clamp_interactive	working/b4a/ps2vnc_calibration_core.inc	1538	void screen_fit_clamp_interactive(
screen_fit_clamp_interactive	working/b4a/ps2vnc_calibration_core_to_tail.h	23	extern void screen_fit_clamp_interactive (int *width, int *height, int *offset_x, int *offset_y);
screen_fit_clamp_interactive	working/b4a/ps2vnc_calibration_tail.inc	479	screen_fit_clamp_interactive(
screen_fit_clamp_interactive	working/b4a/ps2vnc_calibration_tail.inc	678	screen_fit_clamp_interactive(
screen_fit_full_bypass	working/b4a/ps2vnc_calibration_core.inc	1506	screen_fit_full_bypass,
screen_fit_full_bypass	working/b4a/ps2vnc_calibration_tail.inc	714	if (screen_fit_full_bypass) {
screen_fit_full_bypass	working/b4a/ps2vnc_display_core.inc	530	screen_fit_full_bypass !=
screen_fit_full_bypass	working/b4a/ps2vnc_display_tail.inc	701	screen_fit_full_bypass);
screen_fit_full_bypass	working/b4a/ps2vnc_management_core.inc	656	int screen_fit_full_bypass = 0;
screen_fit_full_bypass	working/b4a/ps2vnc_management_core.inc	771	screen_fit_full_bypass = 1;
screen_fit_full_bypass	working/b4a/ps2vnc_management_core.inc	786	screen_fit_full_bypass = 0;
screen_fit_full_bypass	working/b4a/ps2vnc_management_core.inc	799	screen_fit_full_bypass = 0;
screen_fit_full_bypass	working/b4a/ps2vnc_services_exports.h	7	extern int screen_fit_full_bypass;
screen_fit_geometry_valid	working/b4a/ps2vnc_calibration_core.inc	823	if (!screen_fit_geometry_valid(
screen_fit_geometry_valid	working/b4a/ps2vnc_calibration_core_to_tail.h	24	extern int screen_fit_geometry_valid (int width, int height, int offset_x, int offset_y);
screen_fit_geometry_valid	working/b4a/ps2vnc_calibration_tail.inc	722	if (!screen_fit_geometry_valid(
screen_fit_geometry_valid	working/b4a/ps2vnc_management_core.inc	728	int screen_fit_geometry_valid(
screen_fit_geometry_valid	working/b4a/ps2vnc_management_core.inc	776	} else if (screen_fit_geometry_valid(
screen_fit_geometry_valid_for_mode	working/b4a/ps2vnc_calibration_core.inc	1048	if (!screen_fit_geometry_valid_for_mode(
screen_fit_geometry_valid_for_mode	working/b4a/ps2vnc_management_core.inc	666	static int screen_fit_geometry_valid_for_mode(
screen_fit_geometry_valid_for_mode	working/b4a/ps2vnc_management_core.inc	726	* screen_fit_geometry_valid_for_mode() without changing GS state.
screen_fit_geometry_valid_for_mode	working/b4a/ps2vnc_management_core.inc	734	return screen_fit_geometry_valid_for_mode(
screen_fit_geometry_valid_for_mode	working/b4a/ps2vnc_management_core.inc	1310	if (!screen_fit_geometry_valid_for_mode(
screen_fit_height	working/b4a/ps2vnc_calibration_core.inc	1503	screen_fit_height,
screen_fit_height	working/b4a/ps2vnc_calibration_tail.inc	445	height = screen_fit_height;
screen_fit_height	working/b4a/ps2vnc_calibration_tail.inc	724	screen_fit_height,
screen_fit_height	working/b4a/ps2vnc_calibration_tail.inc	734	(OUTPUT_HEIGHT - screen_fit_height) / 2 +
screen_fit_height	working/b4a/ps2vnc_calibration_tail.inc	744	(unsigned int)screen_fit_height,
screen_fit_height	working/b4a/ps2vnc_calibration_tail.inc	752	*out_h = (unsigned int)screen_fit_height;
screen_fit_height	working/b4a/ps2vnc_calibration_tail.inc	1104	screen_fit_height,
screen_fit_height	working/b4a/ps2vnc_display_core.inc	527	screen_fit_height != previous_screen_fit_height ||
screen_fit_height	working/b4a/ps2vnc_display_tail.inc	698	screen_fit_height,
screen_fit_height	working/b4a/ps2vnc_management_core.inc	653	int screen_fit_height = VNC_HEIGHT;
screen_fit_height	working/b4a/ps2vnc_management_core.inc	768	screen_fit_height = OUTPUT_HEIGHT;
screen_fit_height	working/b4a/ps2vnc_management_core.inc	783	screen_fit_height = height;
screen_fit_height	working/b4a/ps2vnc_management_core.inc	796	screen_fit_height = SCREEN_FIT_START_HEIGHT;
screen_fit_height	working/b4a/ps2vnc_services_exports.h	8	extern int screen_fit_height;
screen_fit_offset_x	working/b4a/ps2vnc_calibration_core.inc	1504	screen_fit_offset_x,
screen_fit_offset_x	working/b4a/ps2vnc_calibration_tail.inc	446	offset_x = screen_fit_offset_x;
screen_fit_offset_x	working/b4a/ps2vnc_calibration_tail.inc	725	screen_fit_offset_x,
screen_fit_offset_x	working/b4a/ps2vnc_calibration_tail.inc	731	screen_fit_offset_x;
screen_fit_offset_x	working/b4a/ps2vnc_calibration_tail.inc	1105	screen_fit_offset_x,
screen_fit_offset_x	working/b4a/ps2vnc_display_core.inc	528	screen_fit_offset_x != previous_screen_fit_offset_x ||
screen_fit_offset_x	working/b4a/ps2vnc_display_tail.inc	699	screen_fit_offset_x,
screen_fit_offset_x	working/b4a/ps2vnc_management_core.inc	654	int screen_fit_offset_x = 0;
screen_fit_offset_x	working/b4a/ps2vnc_management_core.inc	769	screen_fit_offset_x = 0;
screen_fit_offset_x	working/b4a/ps2vnc_management_core.inc	784	screen_fit_offset_x = offset_x;
screen_fit_offset_x	working/b4a/ps2vnc_management_core.inc	797	screen_fit_offset_x = 0;
screen_fit_offset_x	working/b4a/ps2vnc_services_exports.h	9	extern int screen_fit_offset_x;
screen_fit_offset_y	working/b4a/ps2vnc_calibration_core.inc	1505	screen_fit_offset_y,
screen_fit_offset_y	working/b4a/ps2vnc_calibration_tail.inc	447	offset_y = screen_fit_offset_y;
screen_fit_offset_y	working/b4a/ps2vnc_calibration_tail.inc	726	screen_fit_offset_y))
screen_fit_offset_y	working/b4a/ps2vnc_calibration_tail.inc	735	screen_fit_offset_y;
screen_fit_offset_y	working/b4a/ps2vnc_calibration_tail.inc	1106	screen_fit_offset_y) < 0) {
screen_fit_offset_y	working/b4a/ps2vnc_display_core.inc	529	screen_fit_offset_y != previous_screen_fit_offset_y ||
screen_fit_offset_y	working/b4a/ps2vnc_display_tail.inc	700	screen_fit_offset_y,
screen_fit_offset_y	working/b4a/ps2vnc_management_core.inc	655	int screen_fit_offset_y = 0;
screen_fit_offset_y	working/b4a/ps2vnc_management_core.inc	770	screen_fit_offset_y = 0;
screen_fit_offset_y	working/b4a/ps2vnc_management_core.inc	785	screen_fit_offset_y = offset_y;
screen_fit_offset_y	working/b4a/ps2vnc_management_core.inc	798	screen_fit_offset_y = 0;
screen_fit_offset_y	working/b4a/ps2vnc_services_exports.h	10	extern int screen_fit_offset_y;
screen_fit_prim_sprite	working/b4a/ps2vnc_calibration_core.inc	1601	void screen_fit_prim_sprite(
screen_fit_prim_sprite	working/b4a/ps2vnc_calibration_core_to_tail.h	25	extern void screen_fit_prim_sprite (GSGLOBAL *g, int x0, int y0, int x1, int y1, int z, u64 color);
screen_fit_prim_sprite	working/b4a/ps2vnc_calibration_tail.inc	25	screen_fit_prim_sprite(
screen_fit_prim_sprite	working/b4a/ps2vnc_calibration_tail.inc	54	screen_fit_prim_sprite(
screen_fit_prim_sprite	working/b4a/ps2vnc_calibration_tail.inc	153	screen_fit_prim_sprite(
screen_fit_prim_sprite	working/b4a/ps2vnc_calibration_tail.inc	197	screen_fit_prim_sprite(
screen_fit_prim_sprite	working/b4a/ps2vnc_calibration_tail.inc	238	screen_fit_prim_sprite(
screen_fit_width	working/b4a/ps2vnc_calibration_core.inc	1502	screen_fit_width,
screen_fit_width	working/b4a/ps2vnc_calibration_tail.inc	444	width = screen_fit_width;
screen_fit_width	working/b4a/ps2vnc_calibration_tail.inc	723	screen_fit_width,
screen_fit_width	working/b4a/ps2vnc_calibration_tail.inc	730	(OUTPUT_WIDTH - screen_fit_width) / 2 +
screen_fit_width	working/b4a/ps2vnc_calibration_tail.inc	743	(unsigned int)screen_fit_width,
screen_fit_width	working/b4a/ps2vnc_calibration_tail.inc	751	*out_w = (unsigned int)screen_fit_width;
screen_fit_width	working/b4a/ps2vnc_calibration_tail.inc	1103	screen_fit_width,
screen_fit_width	working/b4a/ps2vnc_display_core.inc	526	screen_fit_width != previous_screen_fit_width ||
screen_fit_width	working/b4a/ps2vnc_display_tail.inc	697	screen_fit_width,
screen_fit_width	working/b4a/ps2vnc_management_core.inc	652	int screen_fit_width = VNC_WIDTH;
screen_fit_width	working/b4a/ps2vnc_management_core.inc	767	screen_fit_width = OUTPUT_WIDTH;
screen_fit_width	working/b4a/ps2vnc_management_core.inc	782	screen_fit_width = width;
screen_fit_width	working/b4a/ps2vnc_management_core.inc	795	screen_fit_width = SCREEN_FIT_START_WIDTH;
screen_fit_width	working/b4a/ps2vnc_services_exports.h	11	extern int screen_fit_width;
screen_row	working/b4a/ps2vnc_display_tail.inc	1501	screen_row = 0;
screen_row	working/b4a/ps2vnc_runtime_core.inc	1176	int screen_row = 0;
screen_row	working/b4a/ps2vnc_runtime_core.inc	1189	scr_setXY(0, screen_row++);
screen_row	working/b4a/ps2vnc_runtime_to_ui_display.h	430	extern int screen_row ;
screenf	working/b4a/ps2vnc_calibration_core.inc	216	"screenf(""DISPLAY TX: mixed committing config"");"
screenf	working/b4a/ps2vnc_calibration_core.inc	238	"screenf(""DISPLAY TX: previous/config mismatch"");"
screenf	working/b4a/ps2vnc_calibration_core.inc	255	"screenf(""DISPLAY TX: previous/config mismatch"");"
screenf	working/b4a/ps2vnc_calibration_core.inc	271	"screenf(""DISPLAY TX: previous/config mismatch"");"
screenf	working/b4a/ps2vnc_calibration_core.inc	306	"screenf(""DISPLAY TX: startup read failed"");"
screenf	working/b4a/ps2vnc_calibration_core.inc	312	screenf(
screenf	working/b4a/ps2vnc_calibration_core.inc	318	"screenf(""DISPLAY TX: authority invalid"");"
screenf	working/b4a/ps2vnc_calibration_core.inc	323	screenf(
screenf	working/b4a/ps2vnc_calibration_core.inc	329	"screenf(""DISPLAY TX: no confirmed geometry"");"
screenf	working/b4a/ps2vnc_calibration_core.inc	335	screenf(
screenf	working/b4a/ps2vnc_calibration_core.inc	366	"screenf(""DISPLAY TX: restore preparation mismatch"");"
screenf	working/b4a/ps2vnc_calibration_core.inc	371	"screenf(""DISPLAY TX: startup RESTORE failed"");"
screenf	working/b4a/ps2vnc_calibration_core.inc	380	"screenf(""DISPLAY TX: startup RESTORING"");"
screenf	working/b4a/ps2vnc_calibration_core.inc	429	"screenf(""DISPLAY TX: reconcile authority missing"");"
screenf	working/b4a/ps2vnc_calibration_core.inc	439	"screenf(""DISPLAY TX: reconcile state invalid"");"
screenf	working/b4a/ps2vnc_calibration_core.inc	453	"screenf(""DISPLAY TX: active mode mismatch"");"
screenf	working/b4a/ps2vnc_calibration_core.inc	465	"screenf(""DISPLAY TX: authority geometry invalid"");"
screenf	working/b4a/ps2vnc_calibration_core.inc	469	screenf(
screenf	working/b4a/ps2vnc_calibration_core.inc	483	screenf(
screenf	working/b4a/ps2vnc_calibration_core.inc	501	screenf(
screenf	working/b4a/ps2vnc_calibration_core.inc	523	screenf(
screenf	working/b4a/ps2vnc_calibration_core.inc	571	screenf(
screenf	working/b4a/ps2vnc_calibration_core.inc	635	"screenf(""DISPLAY TX: final geometry mismatch"");"
screenf	working/b4a/ps2vnc_calibration_core.inc	641	screenf(
screenf	working/b4a/ps2vnc_calibration_core.inc	666	"screenf(""DISPLAY TX: unable to reconcile VNC"");"
screenf	working/b4a/ps2vnc_calibration_core.inc	1140	"screenf(""DISPLAY TX: missing pending authority"");"
screenf	working/b4a/ps2vnc_calibration_core.inc	1153	"screenf(""DISPLAY TX: startup profile invalid"");"
screenf	working/b4a/ps2vnc_calibration_core.inc	1168	"screenf(""DISPLAY TX: backend/profile mismatch"");"
screenf	working/b4a/ps2vnc_calibration_core.inc	1201	"screenf(""DISPLAY TX: authority/config mismatch"");"
screenf	working/b4a/ps2vnc_calibration_core.inc	1209	"screenf(""DISPLAY TX: candidate preset unavailable"");"
screenf	working/b4a/ps2vnc_calibration_core.inc	1228	"screenf(""DISPLAY TX: candidate preset invalid"");"
screenf	working/b4a/ps2vnc_calibration_core.inc	1236	"screenf(""DISPLAY TX: candidate preset mismatch"");"
screenf	working/b4a/ps2vnc_calibration_core.inc	1248	"screenf(""DISPLAY TX: candidate preset apply failed"");"
screenf	working/b4a/ps2vnc_calibration_core.inc	1278	"screenf(""DISPLAY TX: local presentation mismatch"");"
screenf	working/b4a/ps2vnc_calibration_core.inc	1282	screenf(
screenf	working/b4a/ps2vnc_calibration_core.inc	1322	"screenf(""CONFIG: buffer allocation failed"");"
screenf	working/b4a/ps2vnc_calibration_core.inc	1334	"screenf(""CONFIG: using calibration"");"
screenf	working/b4a/ps2vnc_calibration_core.inc	1338	screenf(
screenf	working/b4a/ps2vnc_calibration_core.inc	1361	screenf(
screenf	working/b4a/ps2vnc_calibration_core.inc	1368	"screenf(""CONFIG: invalid startup mode"");"
screenf	working/b4a/ps2vnc_calibration_core.inc	1369	screenf(
screenf	working/b4a/ps2vnc_calibration_core.inc	1376	screenf(
screenf	working/b4a/ps2vnc_calibration_core.inc	1395	"screenf(""CONFIG: no display preset"");"
screenf	working/b4a/ps2vnc_calibration_core.inc	1404	"screenf(""CONFIG: invalid display text"");"
screenf	working/b4a/ps2vnc_calibration_core.inc	1405	"screenf(""CONFIG: using calibration"");"
screenf	working/b4a/ps2vnc_calibration_core.inc	1414	"screenf(""CONFIG: invalid geometry"");"
screenf	working/b4a/ps2vnc_calibration_core.inc	1415	"screenf(""CONFIG: using calibration"");"
screenf	working/b4a/ps2vnc_calibration_core.inc	1424	"screenf(""CONFIG: unknown parser result"");"
screenf	working/b4a/ps2vnc_calibration_core.inc	1425	"screenf(""CONFIG: using calibration"");"
screenf	working/b4a/ps2vnc_calibration_core.inc	1434	"screenf(""CONFIG: preset apply rejected"");"
screenf	working/b4a/ps2vnc_calibration_core.inc	1435	"screenf(""CONFIG: using calibration"");"
screenf	working/b4a/ps2vnc_calibration_core.inc	1461	"screenf(""CONFIG: confirmed profile invalid"");"
screenf	working/b4a/ps2vnc_calibration_core.inc	1462	"screenf(""CONFIG: using calibration"");"
screenf	working/b4a/ps2vnc_calibration_core.inc	1469	screenf(
screenf	working/b4a/ps2vnc_calibration_core.inc	1477	"screenf(""CONFIG: display preset loaded"");"
screenf	working/b4a/ps2vnc_calibration_tail.inc	549	screenf(
screenf	working/b4a/ps2vnc_calibration_tail.inc	554	screenf(
screenf	working/b4a/ps2vnc_calibration_tail.inc	1108	"screenf(""CONFIG: display save failed"");"
screenf	working/b4a/ps2vnc_calibration_tail.inc	1111	"screenf(""CONFIG: display saved"");"
screenf	working/b4a/ps2vnc_display_core.inc	577	screenf(
screenf	working/b4a/ps2vnc_display_core.inc	620	"screenf(""DISPLAY TX: runtime profile mismatch"");"
screenf	working/b4a/ps2vnc_display_core.inc	632	"screenf(""DISPLAY TX: none obligations invalid"");"
screenf	working/b4a/ps2vnc_display_core.inc	642	"screenf(""DISPLAY TX: commit obligation missing"");"
screenf	working/b4a/ps2vnc_display_core.inc	652	"screenf(""DISPLAY TX: startup COMMIT failed"");"
screenf	working/b4a/ps2vnc_display_core.inc	660	screenf(
screenf	working/b4a/ps2vnc_display_core.inc	673	"screenf(""DISPLAY TX: provisional escaped preparation"");"
screenf	working/b4a/ps2vnc_display_core.inc	682	"screenf(""DISPLAY TX: restore obligations invalid"");"
screenf	working/b4a/ps2vnc_display_core.inc	691	"screenf(""DISPLAY TX: startup RESTORED failed"");"
screenf	working/b4a/ps2vnc_display_core.inc	707	"screenf(""DISPLAY TX: restored ACK obligation missing"");"
screenf	working/b4a/ps2vnc_display_core.inc	911	screenf(
screenf	working/b4a/ps2vnc_display_core.inc	1063	screenf(
screenf	working/b4a/ps2vnc_display_core.inc	1092	screenf(
screenf	working/b4a/ps2vnc_display_core.inc	1133	"screenf(""DISPLAY TX: restore marker failed"");"
screenf	working/b4a/ps2vnc_display_core.inc	1155	"screenf(""DISPLAY TX: Pi reconciliation pending"");"
screenf	working/b4a/ps2vnc_display_core.inc	1168	"screenf(""DISPLAY TX: restored marker failed"");"
screenf	working/b4a/ps2vnc_display_core.inc	1187	screenf(
screenf	working/b4a/ps2vnc_display_core.inc	1216	screenf(
screenf	working/b4a/ps2vnc_display_tail.inc	40	"screenf(""ERROR: display initialization failed"");"
screenf	working/b4a/ps2vnc_display_tail.inc	86	"screenf(""ERROR: invalid calibrated desktop geometry"");"
screenf	working/b4a/ps2vnc_display_tail.inc	155	"screenf(""ERROR: HIRES presentation setup failed"");"
screenf	working/b4a/ps2vnc_display_tail.inc	160	"screenf(""ERROR: live SetEncodings failed"");"
screenf	working/b4a/ps2vnc_display_tail.inc	172	"screenf(""DISPLAY TX: startup finalization failed"");"
screenf	working/b4a/ps2vnc_display_tail.inc	254	"screenf(""DISPLAY TX: ACK failed; retry with X"");"
screenf	working/b4a/ps2vnc_display_tail.inc	262	screenf(
screenf	working/b4a/ps2vnc_display_tail.inc	440	"screenf(""DISPLAY TX: commit failed"");"
screenf	working/b4a/ps2vnc_display_tail.inc	454	screenf(
screenf	working/b4a/ps2vnc_display_tail.inc	631	"screenf(""DISPLAY TX: profile resolution failed"");"
screenf	working/b4a/ps2vnc_display_tail.inc	667	"screenf(""DISPLAY TX: begin failed"");"
screenf	working/b4a/ps2vnc_display_tail.inc	821	screenf(
screenf	working/b4a/ps2vnc_display_tail.inc	867	screenf(
screenf	working/b4a/ps2vnc_display_tail.inc	1140	"screenf(""LIVE ERR 201 controller"");"
screenf	working/b4a/ps2vnc_display_tail.inc	1200	"screenf(""LIVE ERR 202 request"");"
screenf	working/b4a/ps2vnc_display_tail.inc	1368	"screenf(""LIVE ERR %d type=%u"","
screenf	working/b4a/ps2vnc_display_tail.inc	1371	"screenf(""rect %u/%u enc=%08x"","
screenf	working/b4a/ps2vnc_display_tail.inc	1375	"screenf(""xywh %u,%u %ux%u"","
screenf	working/b4a/ps2vnc_display_tail.inc	1380	"screenf(""hdr %02x%02x%02x%02x %02x%02x%02x%02x"","
screenf	working/b4a/ps2vnc_display_tail.inc	1389	"screenf(""    %02x%02x%02x%02x hav=%u rn=%d"","
screenf	working/b4a/ps2vnc_display_tail.inc	1396	"screenf(""upd %02x%02x%02x%02x"","
screenf	working/b4a/ps2vnc_display_tail.inc	1503	"screenf(""TEST31 RX SENTINEL TRACE"");"
screenf	working/b4a/ps2vnc_display_tail.inc	1504	"screenf(""Hold L1 + R1 to force display calibration"");"
screenf	working/b4a/ps2vnc_display_tail.inc	1506	"screenf(""PAD MOD 1"");"
screenf	working/b4a/ps2vnc_display_tail.inc	1508	"screenf(""ERR XSIO2"");"
screenf	working/b4a/ps2vnc_display_tail.inc	1512	"screenf(""PAD MOD 2"");"
screenf	working/b4a/ps2vnc_display_tail.inc	1514	"screenf(""ERR XPAD"");"
screenf	working/b4a/ps2vnc_display_tail.inc	1518	"screenf(""PAD INIT"");"
screenf	working/b4a/ps2vnc_display_tail.inc	1520	"screenf(""ERR PADINIT"");"
screenf	working/b4a/ps2vnc_display_tail.inc	1524	"screenf(""PAD OPEN"");"
screenf	working/b4a/ps2vnc_display_tail.inc	1526	"screenf(""ERR PADOPEN"");"
screenf	working/b4a/ps2vnc_display_tail.inc	1538	"screenf(""PAD ANALOG"");"
screenf	working/b4a/ps2vnc_display_tail.inc	1541	"screenf(""ERR PAD READY"");"
screenf	working/b4a/ps2vnc_display_tail.inc	1550	"screenf(""ERR PAD MODE"");"
screenf	working/b4a/ps2vnc_display_tail.inc	1555	"screenf(""ERR PAD ANALOG WAIT"");"
screenf	working/b4a/ps2vnc_display_tail.inc	1559	"screenf(""PAD OK"");"
screenf	working/b4a/ps2vnc_display_tail.inc	1565	"screenf(""L1+R1: FORCE CALIBRATION"");"
screenf	working/b4a/ps2vnc_display_tail.inc	1571	"screenf(""TCP INIT"");"
screenf	working/b4a/ps2vnc_display_tail.inc	1574	"screenf(""ERROR: ps2ipInit() failed"");"
screenf	working/b4a/ps2vnc_display_tail.inc	1578	"screenf(""Waiting for Ethernet link..."");"
screenf	working/b4a/ps2vnc_display_tail.inc	1581	"screenf(""Unable to establish Ethernet connection"");"
screenf	working/b4a/ps2vnc_display_tail.inc	1582	"screenf(""Returning to system menu..."");"
screenf	working/b4a/ps2vnc_display_tail.inc	1586	"screenf(""Ethernet link is UP"");"
screenf	working/b4a/ps2vnc_display_tail.inc	1604	"screenf(""DISPLAY TX: unsafe startup blocked"");"
screenf	working/b4a/ps2vnc_display_tail.inc	1605	"screenf(""Returning to system menu..."");"
screenf	working/b4a/ps2vnc_display_tail.inc	1610	"screenf(""DISPLAY TX: startup recovery preparation failed"");"
screenf	working/b4a/ps2vnc_display_tail.inc	1611	"screenf(""Returning to system menu..."");"
screenf	working/b4a/ps2vnc_display_tail.inc	1616	"screenf(""DISPLAY TX: startup profile apply failed"");"
screenf	working/b4a/ps2vnc_display_tail.inc	1617	"screenf(""Returning to system menu..."");"
screenf	working/b4a/ps2vnc_display_tail.inc	1623	"screenf(""WARN: debug UDP did not initialize"");"
screenf	working/b4a/ps2vnc_display_tail.inc	1635	"screenf(""Establishing VNC session..."");"
screenf	working/b4a/ps2vnc_display_tail.inc	1643	"screenf(""Unable to establish VNC session"");"
screenf	working/b4a/ps2vnc_display_tail.inc	1644	"screenf(""Returning to system menu..."");"
screenf	working/b4a/ps2vnc_display_tail.inc	1648	"screenf(""FULL FRAMEBUFFER RECEIVED"");"
screenf	working/b4a/ps2vnc_display_tail.inc	1649	"screenf(""Starting incremental gsKit display..."");"
screenf	working/b4a/ps2vnc_display_tail.inc	1675	"screenf(""Returning to system menu..."");"
screenf	working/b4a/ps2vnc_display_tail.inc	1683	"screenf(""ERROR: OSDSYS return failed"");"
screenf	working/b4a/ps2vnc_display_tail.inc	1686	"screenf(""Stopped - reset PS2 when done"");"
screenf	working/b4a/ps2vnc_framebuffer_core.inc	403	"screenf(""Waiting for server message..."");"
screenf	working/b4a/ps2vnc_framebuffer_core.inc	422	screenf(
screenf	working/b4a/ps2vnc_framebuffer_core.inc	435	"screenf(""Ignoring RFB Bell"");"
screenf	working/b4a/ps2vnc_framebuffer_core.inc	454	"screenf(""ERROR: failed reading ServerCutText header"");"
screenf	working/b4a/ps2vnc_framebuffer_core.inc	461	"screenf(""Ignoring ServerCutText (%u bytes)"", text_len);"
screenf	working/b4a/ps2vnc_framebuffer_core.inc	466	"screenf(""ERROR: failed discarding ServerCutText"");"
screenf	working/b4a/ps2vnc_framebuffer_core.inc	493	"screenf(""ERROR: failed reading color-map header"");"
screenf	working/b4a/ps2vnc_framebuffer_core.inc	501	"screenf(""Ignoring color-map update (%u entries)"","
screenf	working/b4a/ps2vnc_framebuffer_core.inc	507	"screenf(""ERROR: failed discarding color map"");"
screenf	working/b4a/ps2vnc_framebuffer_core.inc	543	"screenf(""ERROR: failed reading update header"");"
screenf	working/b4a/ps2vnc_framebuffer_core.inc	558	"screenf(""FramebufferUpdate: %u rectangle(s)"", rect_count);"
screenf	working/b4a/ps2vnc_framebuffer_core.inc	564	"screenf(""ERROR: initial update had no rectangles"");"
screenf	working/b4a/ps2vnc_framebuffer_core.inc	595	"screenf(""ERROR: failed reading rectangle header"");"
screenf	working/b4a/ps2vnc_framebuffer_core.inc	621	"screenf(""Rect %u: %u,%u %ux%u enc=%u"","
screenf	working/b4a/ps2vnc_framebuffer_core.inc	653	screenf(
screenf	working/b4a/ps2vnc_framebuffer_core.inc	696	screenf(
screenf	working/b4a/ps2vnc_framebuffer_core.inc	725	screenf(
screenf	working/b4a/ps2vnc_framebuffer_core.inc	732	screenf(
screenf	working/b4a/ps2vnc_framebuffer_core.inc	739	screenf(
screenf	working/b4a/ps2vnc_framebuffer_core.inc	767	screenf(
screenf	working/b4a/ps2vnc_framebuffer_core.inc	780	screenf(
screenf	working/b4a/ps2vnc_framebuffer_core.inc	798	"screenf(""ERROR: unsupported encoding"");"
screenf	working/b4a/ps2vnc_framebuffer_core.inc	815	"screenf(""ERROR: rectangle outside framebuffer"");"
screenf	working/b4a/ps2vnc_framebuffer_core.inc	855	"screenf(""ERROR: malformed Hextile rectangle"");"
screenf	working/b4a/ps2vnc_framebuffer_core.inc	891	"screenf(""ERROR: pixel data ended early"");"
screenf	working/b4a/ps2vnc_framebuffer_core.inc	911	"screenf(""ERROR: pixel data ended early"");"
screenf	working/b4a/ps2vnc_framebuffer_core.inc	925	"screenf(""Raw framebuffer bytes: %u"", total_bytes);"
screenf	working/b4a/ps2vnc_framebuffer_core.inc	930	screenf(
screenf	working/b4a/ps2vnc_framebuffer_core.inc	949	"screenf(""ERROR: unsupported server message type %u"","
screenf	working/b4a/ps2vnc_framebuffer_core.inc	990	"screenf(""ERROR: EDS SetEncodings failed"");"
screenf	working/b4a/ps2vnc_framebuffer_core.inc	995	"screenf(""ERROR: EDS probe request failed"");"
screenf	working/b4a/ps2vnc_framebuffer_core.inc	1006	"screenf(""ERROR: EDS probe receive failed"");"
screenf	working/b4a/ps2vnc_framebuffer_core.inc	1011	"screenf(""ERROR: ExtendedDesktopSize unsupported"");"
screenf	working/b4a/ps2vnc_framebuffer_core.inc	1016	"screenf(""ERROR: EDS reported no screens"");"
screenf	working/b4a/ps2vnc_framebuffer_core.inc	1023	screenf(
screenf	working/b4a/ps2vnc_framebuffer_core.inc	1032	screenf(
screenf	working/b4a/ps2vnc_management_core.inc	132	screenf(
screenf	working/b4a/ps2vnc_management_core.inc	148	screenf(
screenf	working/b4a/ps2vnc_management_tail.inc	420	"screenf(""MGMT GET: allocation failed"");"
screenf	working/b4a/ps2vnc_management_tail.inc	431	"screenf(""MGMT GET: socket failed"");"
screenf	working/b4a/ps2vnc_management_tail.inc	454	"screenf(""MGMT GET: service unavailable"");"
screenf	working/b4a/ps2vnc_management_tail.inc	463	"screenf(""MGMT GET: request failed"");"
screenf	working/b4a/ps2vnc_management_tail.inc	477	"screenf(""MGMT GET: response too large"");"
screenf	working/b4a/ps2vnc_management_tail.inc	489	"screenf(""MGMT GET: receive failed"");"
screenf	working/b4a/ps2vnc_management_tail.inc	512	"screenf(""MGMT GET: HTTP header too large"");"
screenf	working/b4a/ps2vnc_management_tail.inc	520	"screenf(""MGMT GET: HTTP header too large"");"
screenf	working/b4a/ps2vnc_management_tail.inc	532	"screenf(""MGMT GET: bad HTTP response"");"
screenf	working/b4a/ps2vnc_management_tail.inc	540	"screenf(""MGMT GET: HTTP status not 200"");"
screenf	working/b4a/ps2vnc_management_tail.inc	550	"screenf(""MGMT GET: body too large"");"
screenf	working/b4a/ps2vnc_runtime_core.inc	1178	void screenf(const char *fmt, ...)
screenf	working/b4a/ps2vnc_runtime_tail.inc	511	screenf(
screenf	working/b4a/ps2vnc_runtime_tail.inc	520	"screenf(""ERROR: socket() failed: %d"", sock);"
screenf	working/b4a/ps2vnc_runtime_tail.inc	532	"screenf(""ERROR: connect() failed"");"
screenf	working/b4a/ps2vnc_runtime_tail.inc	536	"screenf(""TCP connected"");"
screenf	working/b4a/ps2vnc_runtime_tail.inc	539	"screenf(""ERROR: could not read RFB version"");"
screenf	working/b4a/ps2vnc_runtime_tail.inc	549	"screenf(""Server version: %s"", server_version);"
screenf	working/b4a/ps2vnc_runtime_tail.inc	552	"screenf(""ERROR: could not send RFB version"");"
screenf	working/b4a/ps2vnc_runtime_tail.inc	557	"screenf(""ERROR: no security-type count"");"
screenf	working/b4a/ps2vnc_runtime_tail.inc	568	"screenf(""ERROR: server rejected connection"");"
screenf	working/b4a/ps2vnc_runtime_tail.inc	579	"screenf(""ERROR: failed reading rejection"");"
screenf	working/b4a/ps2vnc_runtime_tail.inc	600	"screenf(""SERVER REJECTED: %s"", reason);"
screenf	working/b4a/ps2vnc_runtime_tail.inc	605	"screenf(""ERROR: failed reading security types"");"
screenf	working/b4a/ps2vnc_runtime_tail.inc	617	"screenf(""ERROR: SecurityType None not offered"");"
screenf	working/b4a/ps2vnc_runtime_tail.inc	622	"screenf(""ERROR: could not select security type"");"
screenf	working/b4a/ps2vnc_runtime_tail.inc	627	"screenf(""ERROR: no SecurityResult"");"
screenf	working/b4a/ps2vnc_runtime_tail.inc	632	"screenf(""ERROR: authentication failed"");"
screenf	working/b4a/ps2vnc_runtime_tail.inc	637	"screenf(""ERROR: could not send ClientInit"");"
screenf	working/b4a/ps2vnc_runtime_tail.inc	642	"screenf(""ERROR: failed reading ServerInit"");"
screenf	working/b4a/ps2vnc_runtime_tail.inc	650	"screenf(""Handshake OK - desktop %ux%u"", width, height);"
screenf	working/b4a/ps2vnc_runtime_tail.inc	668	screenf(
screenf	working/b4a/ps2vnc_runtime_tail.inc	680	screenf(
screenf	working/b4a/ps2vnc_runtime_tail.inc	692	screenf(
screenf	working/b4a/ps2vnc_runtime_tail.inc	716	"screenf(""ERROR: failed reading desktop name"");"
screenf	working/b4a/ps2vnc_runtime_tail.inc	733	"screenf(""ERROR: failed discarding long name"");"
screenf	working/b4a/ps2vnc_runtime_tail.inc	740	"screenf(""Desktop name: %.55s"", desktop_name);"
screenf	working/b4a/ps2vnc_services_imports.h	85	void screenf(const char *fmt, ...);
set_raw_extended_desktop_encoding	working/b4a/ps2vnc_calibration_tail.inc	901	if (set_raw_extended_desktop_encoding(sock) < 0)
set_raw_extended_desktop_encoding	working/b4a/ps2vnc_display_core.inc	66	if (set_raw_extended_desktop_encoding(sock) < 0)
set_raw_extended_desktop_encoding	working/b4a/ps2vnc_framebuffer_core.inc	989	if (set_raw_extended_desktop_encoding(sock) < 0) {
set_raw_extended_desktop_encoding	working/b4a/ps2vnc_runtime_tail.inc	865	int set_raw_extended_desktop_encoding(int sock)
set_raw_extended_desktop_encoding	working/b4a/ps2vnc_services_imports.h	90	int set_raw_extended_desktop_encoding(int sock);
startup_authoritative_display_profile	working/b4a/ps2ip.c	29	ps2vnc_display_profile_t startup_authoritative_display_profile;
startup_authoritative_display_profile	working/b4a/ps2vnc_calibration_core.inc	173	&startup_authoritative_display_profile,
startup_authoritative_display_profile	working/b4a/ps2vnc_calibration_core.inc	175	sizeof(startup_authoritative_display_profile));
startup_authoritative_display_profile	working/b4a/ps2vnc_calibration_core.inc	287	startup_authoritative_display_profile = *source;
startup_authoritative_display_profile	working/b4a/ps2vnc_calibration_core.inc	325	startup_authoritative_display_profile.mode->name,
startup_authoritative_display_profile	working/b4a/ps2vnc_calibration_core.inc	326	startup_authoritative_display_profile.logical_width,
startup_authoritative_display_profile	working/b4a/ps2vnc_calibration_core.inc	327	startup_authoritative_display_profile.logical_height);
startup_authoritative_display_profile	working/b4a/ps2vnc_calibration_core.inc	400	* authority: the complete startup_authoritative_display_profile remains the
startup_authoritative_display_profile	working/b4a/ps2vnc_calibration_core.inc	443	target = &startup_authoritative_display_profile;
startup_authoritative_display_profile	working/b4a/ps2vnc_calibration_core.inc	1150	target = &startup_authoritative_display_profile;
startup_authoritative_display_profile	working/b4a/ps2vnc_display_core.inc	612	target = &startup_authoritative_display_profile;
startup_authoritative_display_profile	working/b4a/ps2vnc_services_imports.h	38	extern ps2vnc_display_profile_t startup_authoritative_display_profile;
startup_authoritative_display_profile_loaded	working/b4a/ps2ip.c	31	int startup_authoritative_display_profile_loaded = 0;
startup_authoritative_display_profile_loaded	working/b4a/ps2vnc_calibration_core.inc	165	startup_authoritative_display_profile_loaded = 0;
startup_authoritative_display_profile_loaded	working/b4a/ps2vnc_calibration_core.inc	288	startup_authoritative_display_profile_loaded = 1;
startup_authoritative_display_profile_loaded	working/b4a/ps2vnc_calibration_core.inc	322	if (startup_authoritative_display_profile_loaded) {
startup_authoritative_display_profile_loaded	working/b4a/ps2vnc_calibration_core.inc	423	if (!startup_authoritative_display_profile_loaded) {
startup_authoritative_display_profile_loaded	working/b4a/ps2vnc_calibration_core.inc	1134	if (!startup_authoritative_display_profile_loaded) {
startup_authoritative_display_profile_loaded	working/b4a/ps2vnc_display_core.inc	606	if (!startup_authoritative_display_profile_loaded) {
startup_authoritative_display_profile_loaded	working/b4a/ps2vnc_services_imports.h	39	extern int startup_authoritative_display_profile_loaded;
startup_confirmed_display_profile	working/b4a/ps2ip.c	25	ps2vnc_display_profile_t startup_confirmed_display_profile;
startup_confirmed_display_profile	working/b4a/ps2vnc_calibration_core.inc	194	source = &startup_confirmed_display_profile;
startup_confirmed_display_profile	working/b4a/ps2vnc_calibration_core.inc	210	&startup_confirmed_display_profile,
startup_confirmed_display_profile	working/b4a/ps2vnc_calibration_core.inc	213	&startup_confirmed_display_profile,
startup_confirmed_display_profile	working/b4a/ps2vnc_calibration_core.inc	235	&startup_confirmed_display_profile,
startup_confirmed_display_profile	working/b4a/ps2vnc_calibration_core.inc	252	&startup_confirmed_display_profile,
startup_confirmed_display_profile	working/b4a/ps2vnc_calibration_core.inc	268	&startup_confirmed_display_profile,
startup_confirmed_display_profile	working/b4a/ps2vnc_calibration_core.inc	1191	&startup_confirmed_display_profile,
startup_confirmed_display_profile	working/b4a/ps2vnc_calibration_core.inc	1198	&startup_confirmed_display_profile,
startup_confirmed_display_profile	working/b4a/ps2vnc_calibration_core.inc	1313	&startup_confirmed_display_profile,
startup_confirmed_display_profile	working/b4a/ps2vnc_calibration_core.inc	1315	sizeof(startup_confirmed_display_profile));
startup_confirmed_display_profile	working/b4a/ps2vnc_calibration_core.inc	1459	&startup_confirmed_display_profile) < 0) {
startup_confirmed_display_profile	working/b4a/ps2vnc_services_imports.h	40	extern ps2vnc_display_profile_t startup_confirmed_display_profile;
startup_confirmed_display_profile_loaded	working/b4a/ps2ip.c	27	int startup_confirmed_display_profile_loaded = 0;
startup_confirmed_display_profile_loaded	working/b4a/ps2vnc_calibration_core.inc	191	if (!startup_confirmed_display_profile_loaded)
startup_confirmed_display_profile_loaded	working/b4a/ps2vnc_calibration_core.inc	208	if (startup_confirmed_display_profile_loaded &&
startup_confirmed_display_profile_loaded	working/b4a/ps2vnc_calibration_core.inc	233	if (!startup_confirmed_display_profile_loaded ||
startup_confirmed_display_profile_loaded	working/b4a/ps2vnc_calibration_core.inc	250	if (!startup_confirmed_display_profile_loaded ||
startup_confirmed_display_profile_loaded	working/b4a/ps2vnc_calibration_core.inc	266	if (!startup_confirmed_display_profile_loaded ||
startup_confirmed_display_profile_loaded	working/b4a/ps2vnc_calibration_core.inc	1189	if (!startup_confirmed_display_profile_loaded ||
startup_confirmed_display_profile_loaded	working/b4a/ps2vnc_calibration_core.inc	1196	!startup_confirmed_display_profile_loaded ||
startup_confirmed_display_profile_loaded	working/b4a/ps2vnc_calibration_core.inc	1310	startup_confirmed_display_profile_loaded = 0;
startup_confirmed_display_profile_loaded	working/b4a/ps2vnc_calibration_core.inc	1466	startup_confirmed_display_profile_loaded = 1;
startup_confirmed_display_profile_loaded	working/b4a/ps2vnc_services_imports.h	41	extern int startup_confirmed_display_profile_loaded;
startup_display_commit_finish_required	working/b4a/ps2ip.c	40	int startup_display_commit_finish_required = 0;
startup_display_commit_finish_required	working/b4a/ps2vnc_calibration_core.inc	167	startup_display_commit_finish_required = 0;
startup_display_commit_finish_required	working/b4a/ps2vnc_calibration_core.inc	221	startup_display_commit_finish_required = 1;
startup_display_commit_finish_required	working/b4a/ps2vnc_display_core.inc	628	if (startup_display_commit_finish_required ||
startup_display_commit_finish_required	working/b4a/ps2vnc_display_core.inc	641	if (!startup_display_commit_finish_required) {
startup_display_commit_finish_required	working/b4a/ps2vnc_display_core.inc	656	startup_display_commit_finish_required = 0;
startup_display_commit_finish_required	working/b4a/ps2vnc_services_imports.h	42	extern int startup_display_commit_finish_required;
startup_display_restore_ack_required	working/b4a/ps2ip.c	43	int startup_display_restore_ack_required = 0;
startup_display_restore_ack_required	working/b4a/ps2vnc_calibration_core.inc	170	startup_display_restore_ack_required = 0;
startup_display_restore_ack_required	working/b4a/ps2vnc_calibration_core.inc	245	startup_display_restore_ack_required = 1;
startup_display_restore_ack_required	working/b4a/ps2vnc_calibration_core.inc	261	startup_display_restore_ack_required = 1;
startup_display_restore_ack_required	working/b4a/ps2vnc_calibration_core.inc	276	startup_display_restore_ack_required = 1;
startup_display_restore_ack_required	working/b4a/ps2vnc_display_core.inc	630	startup_display_restore_ack_required) {
startup_display_restore_ack_required	working/b4a/ps2vnc_display_core.inc	680	!startup_display_restore_ack_required) {
startup_display_restore_ack_required	working/b4a/ps2vnc_display_core.inc	706	if (!startup_display_restore_ack_required) {
startup_display_restore_ack_required	working/b4a/ps2vnc_services_imports.h	43	extern int startup_display_restore_ack_required;
startup_display_restore_required	working/b4a/ps2ip.c	41	int startup_display_restore_required = 0;
startup_display_restore_required	working/b4a/ps2vnc_calibration_core.inc	168	startup_display_restore_required = 0;
startup_display_restore_required	working/b4a/ps2vnc_calibration_core.inc	243	startup_display_restore_required = 1;
startup_display_restore_required	working/b4a/ps2vnc_calibration_core.inc	360	if (!startup_display_restore_required)
startup_display_restore_required	working/b4a/ps2vnc_calibration_core.inc	378	startup_display_restore_required = 0;
startup_display_restore_required	working/b4a/ps2vnc_services_imports.h	44	extern int startup_display_restore_required;
startup_display_restored_mark_required	working/b4a/ps2ip.c	42	int startup_display_restored_mark_required = 0;
startup_display_restored_mark_required	working/b4a/ps2vnc_calibration_core.inc	169	startup_display_restored_mark_required = 0;
startup_display_restored_mark_required	working/b4a/ps2vnc_calibration_core.inc	244	startup_display_restored_mark_required = 1;
startup_display_restored_mark_required	working/b4a/ps2vnc_calibration_core.inc	260	startup_display_restored_mark_required = 1;
startup_display_restored_mark_required	working/b4a/ps2vnc_display_core.inc	629	startup_display_restored_mark_required ||
startup_display_restored_mark_required	working/b4a/ps2vnc_display_core.inc	679	if (!startup_display_restored_mark_required ||
startup_display_restored_mark_required	working/b4a/ps2vnc_display_core.inc	695	startup_display_restored_mark_required = 0;
startup_display_restored_mark_required	working/b4a/ps2vnc_services_imports.h	45	extern int startup_display_restored_mark_required;
startup_display_transaction	working/b4a/ps2ip.c	16	ps2vnc_display_transaction_t startup_display_transaction;
startup_display_transaction	working/b4a/ps2vnc_calibration_core.inc	180	switch (startup_display_transaction.state) {
startup_display_transaction	working/b4a/ps2vnc_calibration_core.inc	211	&startup_display_transaction.previous) &&
startup_display_transaction	working/b4a/ps2vnc_calibration_core.inc	214	&startup_display_transaction.candidate)) {
startup_display_transaction	working/b4a/ps2vnc_calibration_core.inc	220	source = &startup_display_transaction.candidate;
startup_display_transaction	working/b4a/ps2vnc_calibration_core.inc	236	&startup_display_transaction.previous)) {
startup_display_transaction	working/b4a/ps2vnc_calibration_core.inc	242	source = &startup_display_transaction.previous;
startup_display_transaction	working/b4a/ps2vnc_calibration_core.inc	253	&startup_display_transaction.previous)) {
startup_display_transaction	working/b4a/ps2vnc_calibration_core.inc	259	source = &startup_display_transaction.previous;
startup_display_transaction	working/b4a/ps2vnc_calibration_core.inc	269	&startup_display_transaction.previous)) {
startup_display_transaction	working/b4a/ps2vnc_calibration_core.inc	275	source = &startup_display_transaction.previous;
startup_display_transaction	working/b4a/ps2vnc_calibration_core.inc	299	&startup_display_transaction,
startup_display_transaction	working/b4a/ps2vnc_calibration_core.inc	301	sizeof(startup_display_transaction));
startup_display_transaction	working/b4a/ps2vnc_calibration_core.inc	304	&startup_display_transaction) < 0) {
startup_display_transaction	working/b4a/ps2vnc_calibration_core.inc	315	startup_display_transaction.state));
startup_display_transaction	working/b4a/ps2vnc_calibration_core.inc	332	if (startup_display_transaction.state !=
startup_display_transaction	working/b4a/ps2vnc_calibration_core.inc	338	startup_display_transaction.state));
startup_display_transaction	working/b4a/ps2vnc_calibration_core.inc	363	if (startup_display_transaction.state !=
startup_display_transaction	working/b4a/ps2vnc_calibration_core.inc	375	startup_display_transaction.state =
startup_display_transaction	working/b4a/ps2vnc_calibration_core.inc	426	startup_display_transaction.state !=
startup_display_transaction	working/b4a/ps2vnc_calibration_core.inc	1137	startup_display_transaction.state !=
startup_display_transaction	working/b4a/ps2vnc_calibration_core.inc	1194	if (startup_display_transaction.state !=
startup_display_transaction	working/b4a/ps2vnc_calibration_core.inc	1199	&startup_display_transaction.previous)) {
startup_display_transaction	working/b4a/ps2vnc_display_core.inc	608	return startup_display_transaction.state ==
startup_display_transaction	working/b4a/ps2vnc_display_core.inc	624	switch (startup_display_transaction.state) {
startup_display_transaction	working/b4a/ps2vnc_display_core.inc	657	startup_display_transaction.state =
startup_display_transaction	working/b4a/ps2vnc_display_core.inc	696	startup_display_transaction.state =
startup_display_transaction	working/b4a/ps2vnc_services_imports.h	46	extern ps2vnc_display_transaction_t startup_display_transaction;
startup_display_transaction_loaded	working/b4a/ps2ip.c	18	int startup_display_transaction_loaded = 0;
startup_display_transaction_loaded	working/b4a/ps2vnc_calibration_core.inc	177	if (!startup_display_transaction_loaded)
startup_display_transaction_loaded	working/b4a/ps2vnc_calibration_core.inc	296	startup_display_transaction_loaded = 0;
startup_display_transaction_loaded	working/b4a/ps2vnc_calibration_core.inc	310	startup_display_transaction_loaded = 1;
startup_display_transaction_loaded	working/b4a/ps2vnc_calibration_core.inc	357	if (!startup_display_transaction_loaded)
startup_display_transaction_loaded	working/b4a/ps2vnc_calibration_core.inc	425	if (!startup_display_transaction_loaded ||
startup_display_transaction_loaded	working/b4a/ps2vnc_calibration_core.inc	438	if (!startup_display_transaction_loaded) {
startup_display_transaction_loaded	working/b4a/ps2vnc_calibration_core.inc	1136	if (!startup_display_transaction_loaded ||
startup_display_transaction_loaded	working/b4a/ps2vnc_calibration_core.inc	1147	if (!startup_display_transaction_loaded)
startup_display_transaction_loaded	working/b4a/ps2vnc_display_core.inc	603	if (!startup_display_transaction_loaded)
startup_display_transaction_loaded	working/b4a/ps2vnc_services_imports.h	47	extern int startup_display_transaction_loaded;
sync_copy_hires_dirty_rows	working/b4a/ps2vnc_framebuffer_core.inc	1194	int sync_copy_hires_dirty_rows(
sync_copy_hires_dirty_rows	working/b4a/ps2vnc_framebuffer_core_to_tail.h	14	extern int sync_copy_hires_dirty_rows (short unsigned int *dst, const short unsigned int *src);
sync_copy_hires_dirty_rows	working/b4a/ps2vnc_framebuffer_tail.inc	590	if (sync_copy_hires_dirty_rows(
sync_copy_hires_dirty_rows	working/b4a/ps2vnc_framebuffer_tail.inc	613	if (sync_copy_hires_dirty_rows(
wait_pad_ready_after_mode_change	working/b4a/ps2vnc_display_tail.inc	1540	if (wait_pad_ready_after_mode_change() < 0) {
wait_pad_ready_after_mode_change	working/b4a/ps2vnc_display_tail.inc	1554	if (wait_pad_ready_after_mode_change() < 0) {
wait_pad_ready_after_mode_change	working/b4a/ps2vnc_runtime_tail.inc	375	int wait_pad_ready_after_mode_change(void)
wait_pad_ready_after_mode_change	working/b4a/ps2vnc_runtime_to_ui_display.h	496	extern int wait_pad_ready_after_mode_change (void);
